alim_code,aliment,unite,grammes
24999,Dessert (aliment moyen),portion,125
8406,"Salade de museau de porc, avec sauce, préemballée",portion,150
25600,"Salade de céleri rémoulade, préemballée",portion,150
25601,"Salade de thon et légumes, appertisée",portion,150
25602,"Salade composée avec viande ou poisson, appertisée",portion,200
25605,"Champignons à la grecque, préemballés",portion,150
25606,"Salade de pommes de terre, faite maison",portion,150
25608,"Taboulé ou salade de semoule aux légumes, préemballé",portion,200
25609,"Salade de pomme de terre à la piémontaise, préemballée",portion,150
25614,"Salade de riz, appertisée",portion,200
25615,"Salade de pâtes au fromage et légumes, avec sauce",portion,200
25619,"Salade de pâtes aux légumes et poisson ou viande, avec sauce, préemballée",portion,200
25626,"Macédoine de légumes en salade, avec sauce, préemballée",portion,150
25628,"Salade César au poulet (salade verte, fromage, croûtons, sauce), préemballée",portion,200
25629,"Salade végétarienne à base de boulgour et/ou quinoa et légumes, préemballée",portion,200
26257,"Salade de carottes râpées, avec sauce, préemballée",portion,150
26258,"Salade de betterave, avec sauce, préemballée",portion,150
26259,"Salade de chou et carotte ou coleslaw, avec sauce, préemballée",portion,150
26260,"Salade de concombre à la crème/fromage blanc, préemballée",portion,150
26269,"Taboulé ou salade de semoule au poulet, préemballé",portion,200
26276,"Salade de pâtes au surimi, avec sauce, préemballée",portion,200
26277,"Salade Alaska au surimi, ananas, carottes, avec sauce, préemballée",portion,150
26278,"Salade de pâtes au poulet, fromage et crudités, avec sauce, préemballée",portion,200
26279,"Salade de pâtes aux poulet, oeuf, fromage et crudités, avec sauce, préemballée",portion,200
26280,"Salade de pâtes au jambon cru, fromage et crudités, avec sauce, préemballée",portion,200
25900,"Soupe aux lentilles, préemballée à réchauffer",bol,250
25903,"Soupe aux légumes variés, préemballée à réchauffer",bol,250
25904,"Soupe de poissons et/ou crustacés, préemballée à réchauffer",bol,250
25905,"Soupe aux légumes variés, déshydratée reconstituée",bol,250
25907,"Soupe aux poireaux et pommes de terre, préemballée à réchauffer",bol,250
25908,"Soupe à la volaille et aux vermicelles, préemballée à réchauffer",bol,250
25909,"Bouillon de viande et légumes type pot-au-feu, prêt à consommer",bol,250
25910,"Soupe à l'oignon, préemballée à réchauffer",bol,250
25912,"Soupe aux champignons, préemballée à réchauffer",bol,250
25913,"Soupe à la carotte, préemballée à réchauffer",bol,250
25914,"Soupe à la tomate, préemballée à réchauffer",bol,250
25915,"Soupe chorba frik, à base de viande et de frik",bol,250
25916,"Soupe minestrone, préemballée à réchauffer",bol,250
25917,"Soupe au pistou, déshydratée reconstituée",bol,250
25919,"Soupe de poissons et/ou crustacés, déshydratée reconstituée",bol,250
25923,"Soupe asiatique, avec pâtes, déshydratée reconstituée",bol,250
25924,"Soupe marocaine, déshydratée reconstituée",bol,250
25925,"Soupe aux poireaux et pommes de terre, déshydratée reconstituée",bol,250
25930,"Bouillon de boeuf, déshydraté reconstitué",bol,250
25932,"Soupe aux asperges, déshydratée reconstituée",bol,250
25934,"Soupe aux céréales et aux légumes, déshydratée reconstituée",bol,250
25935,"Soupe à la tomate, déshydratée reconstituée",bol,250
25936,"Soupe aux champignons, déshydratée reconstituée",bol,250
25942,"Soupe à l'oignon, déshydratée reconstituée",bol,250
25945,"Soupe au potiron, préemballée à réchauffer",bol,250
25947,"Bouillon de volaille, déshydraté reconstitué",bol,250
25948,"Bouillon de légumes, déshydraté reconstitué",bol,250
25949,"Soupe à la tomate et aux vermicelles, déshydratée reconstituée",bol,250
25950,"Soupe à la volaille et aux vermicelles, déshydratée reconstituée",bol,250
25954,"Soupe au potiron, déshydratée reconstituée",bol,250
25956,"Soupe minestrone, déshydratée reconstituée",bol,250
25963,"Soupe aux légumes verts, préemballée à réchauffer",bol,250
25964,"Soupe aux légumes verts, déshydratée reconstituée",bol,250
25967,"Soupe froide type gaspacho ou gazpacho, préemballée",bol,250
25969,Soupe (aliment moyen),bol,250
25972,"Soupe miso, déshydratée reconstituée",bol,250
1033,"Nuggets ou croquette panée de poulet (contenant du soja), préemballé",pièce,20
8601,"Tripes à la mode de Caen (estomac et pied de boeuf, carottes…), préemballées",portion,200
25001,"Blanquette de veau, préemballée",portion,200
25033,"Boeuf bourguignon, préemballé",portion,200
25035,"Sauté d'agneau au curry, préemballé",portion,200
25089,"Cordon bleu de volaille, préemballé",pièce,100
25121,Coq au vin,portion,200
25125,Paupiette de veau,pièce,130
25126,Paupiette de volaille,pièce,130
25163,"Boulettes au boeuf, cuites",pièce,25
25172,Viande en sauce (aliment moyen),portion,200
25173,"Escalope panée, viennoise ou milanaise, veau, cuite",pièce,130
25174,"Poulet au curry et au lait de coco, préemballé",portion,200
25200,"Palette à la diable, préemballée",portion,200
25207,"Porc au caramel, préemballé",portion,200
25213,"Paupiette de veau, préemballée, rôtie/cuite au four",pièce,130
25221,"Boulettes au boeuf et à l'agneau (type kefta), préemballées, cuites",pièce,25
25222,"Boulettes au porc et au boeuf (à la suédoise), préemballées, cuites",pièce,25
25506,Brochette mixte de viande,pièce,100
25512,"Nuggets ou croquette panée de volaille, préemballé",pièce,20
25538,"Carpaccio de boeuf, avec marinade (huile, herbes, fromage), fait maison",portion,100
25541,Brochette d'agneau,pièce,100
25565,Yakitori (brochettes japonaises grillées en sauce),pièce,30
25585,"Brochette de boeuf, cuite",pièce,100
25586,"Brochette de volaille, cuite",pièce,100
36027,"Nuggets ou croquette panée de poulet, préemballé",pièce,20
36035,"Poulet, manchons marinés, préemballés, rôtis/cuits au four",pièce,30
36036,"Escalope panée, viennoise ou milanaise, poulet, cuite",pièce,130
25009,"Hachis parmentier à la viande, préemballé",assiette,300
25029,Couscous au mouton,assiette,300
25043,"Couscous à la viande ou au poulet, allégé en matière grasse, préemballé,",assiette,300
25057,"Poêlée de pommes de terre préfrites, lardons ou poulet, et autres, sans légumes verts, préemballée",assiette,300
25127,"Couscous royal (avec plusieurs viandes), préemballé",assiette,300
25138,Couscous au poulet,assiette,300
25152,"Couscous à la viande, préemballé",assiette,300
25587,"Parmentier de canard, préemballé, cuit",assiette,300
25002,"Cassoulet, appertisé",assiette,300
25003,"Choucroute garnie, préemballée",assiette,300
25010,"Petit salé ou saucisse aux lentilles, préemballé",assiette,300
25013,"Pot-au-feu, préemballé",assiette,300
25065,"Boeuf aux carottes, préemballé",assiette,300
25071,Potée auvergnate (chou et porc),assiette,300
25098,"Cassoulet au porc, appertisé",assiette,300
25099,"Cassoulet au canard ou oie, appertisé",assiette,300
25103,"Tomate farcie, préemballée",pièce,180
25106,"Chou farci, préemballé",pièce,200
25111,"Chili con carne, préemballé",assiette,300
25123,"Moussaka, préemballée",assiette,300
25124,Navarin d'agneau aux légumes,assiette,300
25159,"Tajine de mouton, préemballé",assiette,300
25164,"Osso buco de veau à la milanaise (jarret de porc , légumes, vin blanc)",assiette,300
25175,"Meloukhia, plat à base de boeuf et corète, fait maison",assiette,300
25204,"Tajine de poulet, préemballé",assiette,300
25511,Légumes farcis (sauf tomate),pièce,180
10083,"Moules farcies (matière grasse, persillade…), préemballées, crues",pièce,10
24998,"Poisson blanc en sauce, préemballé (aliment moyen)",portion,200
25037,"Gratin ou cassolette de poisson et / ou fruits de mer, préemballé, cru",portion,200
25038,"Gratin ou cassolette de poisson et / ou fruits de mer, préemballé, cuit",portion,200
25086,"Poisson blanc à la bordelaise (chapelure, huile…), préemballé",portion,150
25128,"Poisson blanc à la provençale ou niçoise (sauce tomate), préemballé",portion,200
25146,"Poisson blanc sauce oseille, préemballé",portion,200
25539,Brochette de poisson,pièce,100
25540,Brochette de crevettes,pièce,60
26140,Poisson cuit (aliment moyen),portion,125
26249,"Poisson blanc, cuit (aliment moyen)",portion,125
25031,"Paëlla, préemballée",assiette,300
25107,Couscous au poisson,assiette,300
25154,"Gratin de poisson et purée ou brandade aux pommes de terre ou parmentier de poisson, préemballé",assiette,300
25242,"Paëlla (poulet fruit de mer, chorizo, colin), fait maison",assiette,300
25456,Sushi ou maki aux produits de la mer,pièce,25
8296,"Terrine ou mousse de légumes, premballée",tranche,80
8297,Flan de légumes aux oeufs,part,120
20240,"Piperade basquaise, préemballée",portion,200
20262,"Poêlée de légumes assaisonnés sans champignon, surgelée, crue",portion,200
25018,"Ratatouille cuisinée, préemballée",portion,200
25056,"Gratin dauphinois, préemballé",portion,200
25073,"Endive au jambon, préemballée",pièce,200
25101,"Gratin de chou-fleur, préemballé",portion,250
25208,"Palet ou galette de légumes, préfrit, surgelé, cuit",pièce,80
25220,"Choucroute cuisinée aux lardons, sans garniture, égouttée, cuite",portion,200
25238,"Gratin de légumes, fait maison",portion,250
25524,"Tomate à la provençale, fait maison",pièce,100
25556,Beignet de légumes,pièce,30
25571,"Falafel ou boulette de pois-chiche et/ou fève, vente à emporter",pièce,20
25588,"Gratin de légumes en sauce blanche type béchamel, préemballé, cuit",portion,250
25590,"Falafel ou boulette de pois-chiche et/ou fève, préemballé",pièce,20
25019,"Ravioli au boeuf, sauce tomate, appertisé",assiette,300
25081,"Lasagnes ou canellonis à la viande (bolognaise), préemballés",assiette,300
25085,"Pâtes à la bolognaise (spaghetti, tagliatelles…), préemballées",assiette,300
25088,"Riz cantonais, préemballé",assiette,300
25110,"Ravioli chinois à la vapeur à la crevette, cuit",pièce,20
25122,"Gratin de pâtes au jambon, préemballé",assiette,300
25131,"Lasagnes ou cannellonis aux légumes, préemballées, cuits",assiette,300
25135,"Pâtes à la carbonara (spaghetti, tagliatelles…), préemballées",assiette,300
25139,"Lasagnes ou cannellonis au poisson, préemballées",assiette,300
25155,"Pâtes fraîches farcies (ex : raviolis, tortellinis), au fromage et aux légumes, préemballées, cuites",assiette,250
25157,"Pâtes fraîches farcies (ex : raviolis, tortellinis), au boeuf (ex : bolognaise), préemballées, crues",portion crue,125
25158,"Pâtes fraîches farcies (ex : raviolis, tortellinis), au boeuf (ex : bolognaise), préemballées, cuites",assiette,250
25181,"Pâtes fraîches farcies (ex : raviolis, tortellinis, ravioles du Dauphiné), au fromage, préemballées, crues",portion crue,125
25183,"Nouilles aux crevettes, préemballées, sautées/poêlées",assiette,300
25192,"Ravioli aux légumes, à la sauce tomate, appertisés",assiette,300
25193,"Pâtes fraîches farcies (ex : raviolis, tortellinis), aux légumes, préemballées, cuites",assiette,250
25216,"Pâtes fraîches farcies (ex : raviolis, tortellinis), cuites (aliment moyen)",assiette,250
25217,"Feuille de vigne farcie au riz ou dolmas, égouttée, préemballée",pièce,25
25219,"Lasagnes ou cannellonis aux légumes et au fromage de chèvre, préemballés, cuits",assiette,300
25243,"Nouilles asiatiques instantanées, aromatisées, cuites",bol,250
19437,"Fromage de chèvre pané à dorer, préemballé",pièce,45
25020,Soufflé au fromage,portion,150
25137,"Tartiflette (pommes de terre, reblochon, lardons…), préemballée",assiette,300
25437,Gougère,pièce,15
25509,"Préparation à base de fromage(s) pour fondue savoyarde, préemballée",portion,200
25546,"Fromage pané au jambon, préemballé",pièce,90
20914,Galette ou pavé au soja,pièce,100
25223,"Bouchées ou émincé végétal au soja et blé (convient aux véganes ou végétaliens), préemballé",portion,100
25224,"Bouchées ou émincé au soja et blé  (ne convient pas aux véganes ou végétaliens), préemballé",portion,100
25225,"Nuggets ou croquette panée de blé (sans soja), préemballé",pièce,20
25226,"Nuggets ou croquette panée de soja et blé (ne convient pas aux véganes ou végétaliens), préemballé",pièce,20
25227,"Nuggets ou croquette panée de soja et blé (convient aux véganes ou végétaliens), préemballé",pièce,20
25228,Pané soja et blé (ne convient pas aux véganes ou végétaliens),pièce,100
25229,"Bâtonnet pané soja et blé (convient aux véganes ou végétaliens), préemballée",pièce,25
25230,"Pané soja, blé et fromage, type cordon bleu, préemballé",pièce,100
25231,"Ravioli au tofu, à la sauce tomate, préemballés",assiette,300
25233,"Galette de céréales au fromage (sans soja), préemballée",pièce,100
25234,"Galette de céréales aux légumes (sans soja), préemballée",pièce,100
25589,"Boulette végétale au soja et/ou blé, préemballée",pièce,20
25591,"Galette ou pavé aux lentilles, soja et légumes, préemballé",pièce,100
25592,"Galette ou pavé au blé (seitan) et légumes, préemballé",pièce,100
25593,"Galette ou pavé au blé et soja (convient aux véganes ou végétaliens), préemballé",pièce,100
25594,"Galette ou pavé au blé et soja (ne convient pas aux véganes ou végétaliens), préemballé",pièce,100
25595,"Galette ou pavé au soja et fromage, préemballé",pièce,100
25596,"Galette ou pavé au soja et légumes, préemballé",pièce,100
25597,"Galette ou pavé au soja, fromage et légumes, préemballé",pièce,100
30181,"Haché végétal à base de soja, préemballé",portion,100
25404,"Pizza au fromage ou pizza margherita, préemballée",part,100
25405,"Quiche lorraine, préemballée",part,120
25409,"Crêpe ou galette béchamel et jambon, préemballée",pièce,120
25410,"Crêpe ou galette béchamel, jambon et fromage, préemballée",pièce,120
25411,"Crêpe ou galette béchamel et champignon, préemballée, surgelée",pièce,120
25417,"Tarte aux légumes, préemballée",part,120
25435,"Pizza jambon fromage, préemballée",part,100
25444,"Tarte au fromage, préemballée",part,120
25454,"Tarte à la provençale, préemballée",part,120
25457,"Pizza à la viande, type bolognaise, préemballée",part,100
25459,Burritos au boeuf,pièce,200
25460,"Fajita au poulet, préparé maison avec un kit",pièce,150
25462,"Pizza au chorizo ou salami, préemballée",part,100
25464,"Pizza au saumon, préemballée",part,100
25468,"Pizza au chèvre et lardons, préemballée",part,100
25472,"Pizza aux légumes ou pizza 4 saisons, préemballée",part,100
25478,"Pizza aux fromages, préemballée",part,100
25516,Pizza (aliment moyen),part,100
25548,"Pizza jambon fromage champignons ou pizza royale, reine ou regina, préemballée",part,100
25549,"Crêpe ou galette béchamel et fromage, préemballée",pièce,120
25550,"Flammenkueche ou tarte flambée aux lardons, préemballée",part,100
25552,"Crêpe ou galette béchamel, jambon et fromage et champignon, préemballée",pièce,120
25553,"Tarte ou tourte aux poireaux, préemballée",part,120
25555,"Tarte au saumon, préemballée",part,120
25561,"Tarte à la tomate, préemballée",part,120
25562,"Crêpe ou galette complète (oeuf, jambon, fromage), préemballée",pièce,150
25570,"Pizza aux lardons, oignons et fromage, préemballée",part,100
25573,Tarte ou quiche salée (aliment moyen),part,120
25581,"Crêpe ou galette béchamel et champignon, préemballée, cuite",pièce,120
26267,"Tarte épinard chèvre, préemballée",part,120
26274,"Pizza au speck ou jambon cru, préemballée",part,100
7812,"Fougasse, garnie",part,100
25400,"Croque-monsieur, jambon, fromage et beurre, fait maison",pièce,140
25403,"Hot-dog, préemballé",pièce,120
25413,"Hamburger, de restauration rapide",pièce,105
25414,"Cheeseburger, de restauration rapide",pièce,115
25415,"Double cheeseburger, de restauration rapide",pièce,165
25416,"Burger au poisson, de restauration rapide",pièce,135
25428,"Sandwich grec ou kebab, pita, crudités",pièce,300
25429,"Sandwich grec ou kebab, baguette, crudités",pièce,400
25431,"Sandwich baguette, thon crudités mayonnaise, fait maison",pièce,220
25434,"Sandwich panini, jambon cru mozzarella, tomates",pièce,200
25475,"Sandwich baguette, jambon, oeuf, crudités, beurre",pièce,220
25476,"Sandwich baguette, poulet crudités mayonnaise, fait maison",pièce,220
25488,"Sandwich baguette, saumon fumé beurre",pièce,220
25502,"Burger au poulet, de restauration rapide",pièce,165
25513,Pan bagnat,pièce,250
25517,"Sandwich baguette, jambon beurre, fait maison",pièce,220
25518,"Sandwich baguette, camembert beurre, fait maison",pièce,220
25519,"Sandwich baguette, pâté cornichons",pièce,220
25520,"Sandwich baguette, saucisson beurre, fait maison",pièce,220
25521,"Sandwich baguette, jambon emmental beurre",pièce,220
25522,Sandwich (aliment moyen),pièce,220
25523,"Toasts ou canapés salés, garnitures diverses, préemballés",pièce,15
25530,"Sandwich baguette, crudités diverses mayonnaise",pièce,220
25531,"Sandwich baguette, dinde crudités mayonnaise",pièce,220
25532,"Sandwich baguette, oeuf crudités mayonnaise",pièce,220
25533,"Sandwich baguette, porc crudités mayonnaise",pièce,220
25535,"Sandwich baguette, merguez ketchup moutarde",pièce,220
25536,"Sandwich baguette, salami beurre",pièce,220
25542,"Croque-madame, fait maison",pièce,190
25543,Sandwich baguette (aliment moyen),pièce,220
25547,"Croque-monsieur, préemballé",pièce,110
25576,"Sandwich pain de mie complet, jambon fromage, préemballé",pièce,140
25577,"Sandwich pain de mie complet, poulet crudités, préemballé",pièce,140
25599,"Sandwich pain de mie complet, jambon, préemballé",pièce,140
25632,"Sandwich baguette, thon crudités mayonnaise, vente à emporter",pièce,220
25633,"Sandwich baguette, jambon beurre, vente à emporter",pièce,220
25634,"Sandwich baguette, jambon emmental, vente à emporter",pièce,220
25638,"Sandwich baguette, poulet crudités mayonnaise, vente à emporter",pièce,220
25639,"Sandwich baguette, saucisson beurre, vente à emporter",pièce,220
25640,"Sandwich baguette, camembert beurre, vente à emporter",pièce,220
7814,"Cake salé (garniture : fromage, légumes, viande, poisson, volaille, etc.), préemballé",tranche,50
25108,"Samossa ou samoussa ou brick garni, préemballé, cuit",pièce,40
25151,"Feuilleté ou friand au poisson et/ou fruits de mer, préemballé, à cuire",pièce,100
25398,"Feuilleté ou friand au fromage, préemballé, à cuire",pièce,100
25401,"Feuilleté ou friand au fromage, préemballé, cuit",pièce,100
25402,"Feuilleté ou friand à la viande, préemballé",pièce,100
25412,"Bouchée à la reine, à la viande/volaille/quenelle",pièce,150
25418,"Croissant au jambon fromage, fait maison",pièce,120
25419,Rouleau de printemps,pièce,90
25438,"Samoussa ou samossa ou brick garni, fait maison, cuit",pièce,40
25503,"Bouchée à la reine, au poisson et fruits de mer, faite maison",pièce,150
25508,"Feuilleté ou friand jambon fromage, fait maison",pièce,100
25551,"Beignet de viande, volaille ou poisson, fait maison, cuit",pièce,30
25557,"Brick à l'oeuf, fait maison, cuit",pièce,120
25558,"Samossa ou samoussa ou brick au boeuf, fait maison, cuit",pièce,40
25559,"Brick à la pomme de terre, fait maison, cuit",pièce,90
25578,Feuilleté ou friand salé (aliment moyen),pièce,100
25580,"Bouchée à la reine, garnie (aliment moyen)",pièce,150
25582,"Nem ou pâté impérial, au poulet, préemballé, cuit",pièce,50
25583,"Nem ou pâté impérial, au porc, préemballé, cuit",pièce,50
25584,"Nem ou pâté impérial, aux crevettes et/ou au crabe, préemballé, cuit",pièce,50
25674,"Nem ou pâté impérial, préemballé, cuit (aliment moyen)",pièce,50
26266,"Croissant au jambon fromage, préemballé",pièce,120
13004,"Avocat, chair sans peau, sans noyau, cru",fruit,140
13128,"Chayote ou christophine ou chouchou, crue",pièce,250
15029,"Graine germée de luzerne, crue",poignée,20
15030,"Graine germée de radis, fraîche, crue",poignée,20
20004,"Bette ou blette, côte (sans feuille), crue",portion,150
20009,"Carotte, crue",pièce,80
20010,"Champignon, tout type, cru",portion,100
20012,"Salade ou chicorée frisée, crue",portion,50
20014,"Chou rouge, cru",portion,150
20016,"Chou-fleur, cru",portion,150
20019,"Concombre, chair et peau, cru",pièce,300
20020,"Courgette, chair et peau, crue",pièce,200
20022,"Cresson de fontaine, cru",portion,50
20023,"Céleri branche, cru",branche,40
20026,"Endive, crue",pièce,120
20028,"Fenouil, cru",bulbe,200
20031,"Laitue, crue",portion,50
20034,"Oignon, cru",pièce,100
20038,"Pissenlit, cru",portion,50
20039,"Poireau, cru",pièce,150
20041,"Poivron, vert, jaune ou rouge, cru",pièce,150
20044,"Potiron, cru",portion,150
20045,"Radis rouge, cru",pièce,10
20052,"Artichaut, cru",pièce,100
20053,"Aubergine, crue",pièce,250
20054,"Cardon, cru",portion,150
20055,"Céleri-rave, cru",portion,150
20056,"Champignon de Paris ou champignon de couche, cru",portion,100
20057,"Brocoli, cru",portion,150
20058,"Chou de Bruxelles, cru",portion,150
20059,"Épinard, cru",portion,150
20061,"Haricot vert, cru",portion,150
20064,"Navet, pelé, cru",pièce,100
20065,"Chou-rave, cru",pièce,200
20069,"Chou vert, cru",portion,150
20070,"Haricot vert, surgelé, cru",portion,150
20072,"Petits pois, crus",portion,150
20082,"Chou-fleur, surgelé, cru",portion,150
20083,"Epinard, haché ou purée ou en branches, surgelé, cru",portion,150
20084,"Petits pois, surgelés, crus",portion,150
20085,"Poivron vert, cru",pièce,150
20087,"Poivron rouge, cru",pièce,150
20089,"Radis noir, cru",pièce,200
20090,"Scarole, crue",portion,50
20091,"Betterave rouge, crue",pièce,150
20097,"Échalote, crue",pièce,25
20099,"Mâche, crue",portion,50
20101,"Légumes, mélange surgelé, crus",portion,150
20103,"Champignon, chanterelle ou girolle, crue",portion,100
20105,"Champignon, morille, crue",portion,100
20106,"Champignon, truffe noire, crue",portion,10
20108,"Maïs doux, en épis, surgelé, cru",épi,100
20111,"Oseille, crue",portion,50
20114,"Champignon, pleurote, crue",portion,100
20116,"Chou blanc, cru",portion,150
20119,"Tomate verte, crue",pièce,120
20123,"Batavia, crue",portion,50
20127,"Pourpier, feuille, cru",portion,50
20128,"Courge musquée, chair sans peau, crue",portion,150
20132,"Potimarron, chair sans peau, cru",portion,150
20134,"Courge hokkaïdo, chair sans peau, crue",portion,150
20136,"Courge melonnette, chair sans peau, crue",portion,150
20138,"Courge butternut (doubeurre), chair sans peau, crue",portion,150
20139,"Courge, crue",portion,150
20145,"Courge spaghetti, chair sans peau, crue",portion,150
20151,"Piment, cru",pièce,10
20159,"Champignon, oronge vraie, crue",portion,100
20160,"Champignon, cèpe, cru",portion,100
20161,"Champignon, rosé des prés, cru",portion,100
20162,"Chicorée rouge, crue",portion,50
20163,"Chicorée verte, crue",portion,50
20166,"Citrouille, chair sans peau, crue",portion,150
20167,"Chou chinois pé-tsaï, cru",portion,150
20168,"Poivron jaune, cru",pièce,150
20171,"Laitue romaine, crue",portion,50
20172,"Tomate cerise, crue",pièce,15
20173,"Pois mange-tout ou pois gourmand, cru",portion,150
20181,"Panais, cru",pièce,150
20183,"Graine germée de haricot mungo ou pousse de ""soja"", crue",poignée,20
20192,"Tomate côtelée ou coeur de boeuf, crue",pièce,250
20195,"Haricot beurre, cru",portion,150
20197,"Salsifis noir, ou scorsonère d'Espagne, cru",portion,150
20198,"Bambou, pousse, crue",portion,100
20199,"Cresson alénois, cru",portion,50
20200,"Laitue iceberg, crue",portion,50
20201,"Rutabaga, cru",portion,150
20203,"Haricot beurre, surgelé, cru",portion,150
20204,"Brocoli, surgelé, cru",portion,150
20206,"Chou de Bruxelles, surgelé, cru",portion,150
20208,"Carotte, surgelée, crue",portion,150
20210,"Concombre, chair sans peau, cru",pièce,250
20214,"Petits pois et carottes, surgelés, crus",portion,150
20217,"Roquette, crue",portion,50
20218,"Chou frisé, cru",portion,150
20228,"Champignon de Paris ou champignon de couche, surgelé, cru",portion,100
20230,"Courgette, chair et peau, surgelée, crue",portion,150
20233,"Maïs doux, surgelé, cru",portion,100
20234,"Navet, surgelé, cru",portion,150
20235,"Oignon, surgelé, cru",cuillère à soupe,15
20236,"Poireau, surgelé, cru",portion,150
20238,"Oignon rouge, cru",pièce,100
20239,"Oignon jaune, cru",pièce,100
20263,"Légumes pour potages, surgelés, crus",portion,150
20265,"Julienne ou brunoise de légumes, surgelée, crue",portion,150
20269,"Haricot plat, cru",portion,150
20270,"Épinard, jeunes pousses pour salades, cru",portion,50
20276,"Tomate ronde, crue",pièce,120
20279,"Asperge, verte, crue",pièce,20
20280,"Chou romanesco ou brocoli à pomme, cru",portion,150
20282,"Asperge, blanche ou violette, pelée, crue",pièce,40
20283,"Salicorne (Salicornia sp.), crue",portion,50
20288,"Salade sucrine, crue",pièce,100
20295,"Salade feuille de chêne, crue",portion,50
20340,"Chou chinois pak choï ou pak choy (feuilles vertes ressemblant à des blettes), cru",portion,150
20346,"Chou kale, cru",portion,150
20347,"Moringa, gousse, cru",gousse,15
20348,"Moringa, feuille, cru",poignée,20
20385,"Tomate sans précision, crue (aliment moyen)",pièce,120
20496,"Légumes pour couscous, surgelés, crus",portion,150
20521,"Graine germée de lentille, fraîche, crue",poignée,20
20584,"Tomate grappe, crue",pièce,100
25604,"Salade verte, crue, sans assaisonnement",portion,50
25616,"Crudité, sans assaisonnement (aliment moyen)",portion,100
53100,"Banane plantain, crue",pièce,200
58100,"Gombo, fruit, cru",portion,100
13177,"Chayote ou christophine ou chouchou, bouillie/cuite à l'eau",portion,150
19999,"Poivron, vert, jaune ou rouge, cuit (aliment moyen)",portion,150
20000,"Artichaut, cuit",pièce,100
20002,"Aubergine, cuite",portion,150
20003,"Betterave rouge, cuite",pièce,120
20005,"Bette ou blette, côte (sans feuille), cuite",portion,150
20007,"Carotte, appertisée, égouttée",portion,150
20011,"Champignon, tout type, appertisé, égoutté",portion,100
20015,"Chou vert, cuit",portion,150
20017,"Chou-fleur, bouilli/cuit à l'eau",portion,150
20018,"Coeur de palmier, appertisé, égoutté",portion,150
20021,"Courgette, chair et peau, cuite",portion,150
20025,"Céleri-rave, cuit",portion,150
20027,"Épinard, cuit",portion,150
20029,"Graine germée de haricot mungo ou pousse de ""soja"", appertisée, égouttée",portion,100
20030,"Haricot vert, cuit",portion,150
20033,"Navet, cuit",portion,150
20035,"Oignon, cuit",pièce,80
20036,"Petits pois, appertisés, égouttés",portion,150
20037,"Petits pois, cuits",portion,150
20040,"Poireau, cuit",portion,150
20046,"Salsifis, cuit",portion,150
20048,"Tomate, pelée, appertisée, égouttée",portion,100
20049,"Maïs doux, en épis, cuit",épi,100
20051,"Macédoine de légumes, appertisée, égouttée",portion,150
20060,"Épinard, appertisé, égoutté",portion,150
20062,"Haricot vert, appertisé, égoutté",portion,150
20063,"Haricot beurre, appertisé, égoutté",portion,150
20066,"Maïs doux, appertisé, égoutté",portion,100
20068,"Tomate, concentré, appertisé",cuillère à soupe,15
20071,"Haricot vert, surgelé, cuit",portion,150
20074,"Artichaut, cuit à la vapeur sous pression",pièce,100
20076,"Asperge, appertisée, égouttée",portion,150
20077,"Chou de Bruxelles, appertisé, égoutté",portion,150
20078,"Céleri branche, appertisé, égoutté",portion,150
20079,"Champignon de Paris ou champignon de couche, appertisé, égoutté",portion,100
20081,"Salsifis, appertisé, égoutté",portion,150
20086,"Poivron vert, cuit",portion,150
20088,"Poivron rouge, cuit",portion,150
20093,"Petits pois et carottes, appertisés, égouttés",portion,150
20094,"Chou-rave, bouilli/cuit à l'eau",portion,150
20095,"Chou rouge, bouilli/cuit à l'eau",portion,150
20096,"Potiron, cuit",portion,150
20102,"Champignon de Paris ou champignon de couche, bouilli/cuit à l'eau",portion,100
20118,"Fenouil, bouilli/cuit à l'eau",portion,150
20124,"Petits pois, surgelés, cuits",portion,150
20125,"Champignon de Paris ou champignon de couche, sauté/poêlé, sans matière grasse",portion,100
20137,"Tomate, pelée, appertisée, au jus, non égouttée",portion,100
20141,"Courge butternut (doubeurre), chair sans peau, bouillie/cuite à l'eau",portion,150
20143,"Courge spaghetti, chair sans peau, cuite",portion,150
20155,"Artichaut, coeur, appertisé, égoutté",pièce,30
20156,"Artichaut, fond, appertisé, égoutté",pièce,40
20158,"Tétragone cornue, cuite",portion,150
20165,"Rutabaga, cuit",portion,150
20169,"Tomate, chair, appertisée",portion,100
20170,"Tomate, purée, appertisée",cuillère à soupe,15
20188,"Bambou, pousses, appertisées, égouttées",portion,100
20212,"Champignon, lentin comestible ou shiitaké, cuit",portion,100
20216,"Pois mange-tout ou pois gourmand, bouilli/cuit à l'eau",portion,150
20219,"Chou frisé, cuit",portion,150
20221,"Chou chinois pé-tsaï, sauté/poêlé",portion,150
20241,"Cardon, cuit",portion,150
20242,"Tomate, chair et peau, bouillie/cuite à l'eau",pièce,100
20243,"Pois mange-tout ou pois gourmands, cuits",portion,150
20255,"Échalote, cuite",pièce,20
20258,"Légumes (3-4 sortes en mélange), purée",portion,150
20259,"Brocoli, purée",portion,150
20261,"Carotte, purée",portion,150
20275,"Poivron rouge, appertisé, égoutté",portion,150
20277,"Asperge blanche, bouillie/cuite à l'eau",portion,150
20278,"Céleri-rave, purée",portion,150
20289,"Tomate, chair et peau, rôtie/cuite au four",pièce,100
20290,"Chou romanesco ou brocoli à pomme, cuit",portion,150
20291,"Potimarron, chair sans peau, cuit à l'étouffée",portion,150
20292,"Courge butternut (doubeurre), chair sans peau, cuite",portion,150
20298,"Carotte, purée cuisinée à la crème, préemballée",portion,150
20299,"Asperge verte, bouillie/cuite à l'eau",portion,150
20300,"Aubergine, chair et peau, rôtie/cuite au four",portion,150
20301,"Bette ou blette, côte et feuille, bouillie/cuite à l'eau",portion,150
20302,"Brocoli, bouilli/cuit à l'eau, croquant",portion,150
20303,"Brocoli, bouilli/cuit à l'eau, fondant",portion,150
20304,"Brocoli, cuit à la vapeur",portion,150
20305,"Carotte, bouillie/cuite à l'eau, croquante",portion,150
20306,"Carotte, bouillie/cuite à l'eau, fondante",portion,150
20307,"Carotte, cuite à la vapeur",portion,150
20308,"Chou blanc, bouilli/cuit à l'eau",portion,150
20309,"Chou de Bruxelles, bouilli/cuit à l'eau",portion,150
20310,"Chou rouge, cuit à l'étouffée",portion,150
20311,"Chou vert, bouilli/cuit à l'eau",portion,150
20312,"Chou-fleur, cuit à la vapeur",portion,150
20313,"Courgette, chair et peau, rôtie/cuite au four",portion,150
20314,"Céleri branche, cuit à l'étouffée",portion,150
20315,"Céleri rave, bouilli/cuit à l'eau",portion,150
20316,"Endive, rôtie/cuite au four",pièce,100
20317,"Fenouil, cuit à l'étouffée",portion,150
20318,"Haricot beurre, bouilli/cuit à l'eau",portion,150
20320,"Haricot vert, bouilli/cuit à l'eau",portion,150
20321,"Navet, bouilli/cuit à l'eau",portion,150
20322,"Oignon blanc ou jaune, sauté/poêlé sans matière grasse",pièce,80
20323,"Oignon nouveau ou oignon frais ou cébette, sauté/poêlé sans matière grasse",pièce,80
20324,"Oignon rouge, sauté/poêlé",pièce,80
20325,"Panais, cuit à l'étouffée",portion,150
20326,"Petits pois, bouillis/cuits à l'eau",portion,150
20327,"Poireau, bouilli/cuit à l'eau",portion,150
20328,"Poivron jaune, sauté/poêlé",portion,150
20329,"Poivron rouge, sauté/poêlé",portion,150
20330,"Poivron vert, sauté/poêlé",portion,150
20331,"Potimarron, chair sans peau, bouilli/cuit à l'eau",portion,150
20332,"Potiron, rôti/cuit au four",portion,150
20333,"Salsifis, bouilli/cuit à l'eau",portion,150
20335,"Échalote, sautée/poêlée sans matière grasse",pièce,20
20336,"Épinard, bouilli/cuit à l'eau",portion,150
20339,"Chou chinois pak choï ou pak choy (feuilles vertes ressemblant à des blettes), cuit",portion,150
20349,"Asperge, bouillie/cuite à l'eau (aliment moyen)",portion,150
20350,"Brocoli, bouilli/cuit à l'eau (aliment moyen)",portion,150
20351,"Brocoli, cuit (aliment moyen)",portion,150
20352,"Carotte, bouillie/cuite à l'eau (aliment moyen)",portion,150
20353,"Carotte, cuite (aliment moyen)",portion,150
20354,"Céleri branche, cuit (aliment moyen)",portion,150
20355,"Chou rouge, cuit (aliment moyen)",portion,150
20356,"Fenouil, cuit (aliment moyen)",portion,150
20357,"Potimarron, chair sans peau, cuit (aliment moyen)",portion,150
20358,"Tomate, chair et peau, cuite (aliment moyen)",pièce,100
20497,"Légumes pour couscous, cuits",portion,150
20499,Légume cuit (aliment moyen),portion,150
20590,"Crosne, cuit",portion,150
58103,"Gombo, fruit, cuit",portion,100
20092,"Carotte, déshydratée",cuillère à soupe,5
20180,"Oignon, séché",cuillère à soupe,5
20189,"Tomate, séchée",pièce,6
20211,"Champignon, lentin comestible ou shiitaké, séché",pièce,3
20256,"Tomate, séchée, à l'huile",pièce,10
20801,"Chips de chair de giraumon (variété locale), prélevé à la Martinique",poignée,30
20802,"Chips de chair de giraumon (variété phoenix), prélevé à la Martinique",poignée,30
20804,"Chayote ou christophine ou chouchou à peau blanche, chair sans peau, sans noyau, cuite à la vapeur, prélevée à la Martinique",portion,150
20805,"Chayote ou christophine ou chouchou à peau verte, chair sans peau, sans noyau, cuite à la vapeur, prélevée à la Martinique",portion,150
20810,"Cresson, feuille, cru, prélevé à la Martinique",portion,50
20814,"Giraumon (variété locale), chair sans peau, cuit à la vapeur, prélevé à la Martinique",portion,150
20815,"Giraumon (variété locale), chair sans peau, cuit à la vapeur, surgelé, prélevé à la Martinique",portion,150
20816,"Giraumon (variété locale), chair sans peau, râpé, cru, prélevé à la Martinique",portion,150
20817,"Giraumon (variété phoenix), chair sans peau, cuit à la vapeur, prélevé à la Martinique",portion,150
20818,"Giraumon (variété phoenix), chair sans peau, râpé, cru, prélevé à la Martinique",portion,150
20819,"Giraumon (variété phoenix), chair sans peau, surgelé, cuit à la vapeur, prélevé à la Martinique",portion,150
20821,"Gombo, entier, cuit à la vapeur, prélevé à la Martinique",portion,100
20823,"Igname cousse-couche, pulpe, cuit à la vapeur, prélevé à la Martinique",portion,150
20824,"Igname jaune, pulpe, cuit à la vapeur, prélevé à la Martinique",portion,150
20825,"Igname saint martin, pulpe, cuit à la vapeur, prélevé à la Martinique",portion,150
20832,"Patate douce, pulpe, cuite à la vapeur, prélevée à la Martinique",portion,150
54500,"Fruit à pain, cru",portion,150
20296,"Brèdes chou de Chine ou bok choy ou pak choï, tiges et feuilles, cuites à la vapeur, prélevées à La Réunion (Brassica rapa subsp. Chinensis)",portion,150
20297,"Chayote ou christophine ou chouchou, chair sans peau, sans noyau, cuite à la vapeur, prélevée à La Réunion (Sechium edule)",portion,150
4000,"Tapioca ou perles du Japon, cru",cuillère à soupe,12
4002,"Pomme de terre, sans peau, rôtie/cuite au four",pièce,150
4003,"Pomme de terre, bouillie/cuite à l'eau",pièce,150
4004,Chips de pommes de terre nature ou aromatisées,poignée,30
4007,"Pomme de terre nouvelle ou primeur, bouillie/cuite à l'eau",pièce,50
4008,"Pomme de terre, sans peau, crue",pièce,150
4011,"Pomme de terre, appertisée, égouttée",portion,150
4013,"Pomme de terre noisette, surgelée, à cuire",pièce,10
4015,"Pomme de terre poêlée, avec matière grasse",portion,200
4016,"Flocons de pomme de terre, au lait ou à la crème, déshydratés",portion crue,35
4017,"Purée de pomme de terre, à base de flocons, reconstituée avec lait entier et matière grasse",assiette,200
4018,"Purée de pomme de terre, avec lait et beurre, sans sel ajouté",assiette,200
4019,"Purée de pomme de terre, à base de flocons, reconstituée avec lait demi-écrémé et eau, non salée",assiette,200
4020,"Pomme de terre dauphine, surgelée, à cuire",pièce,20
4021,"Pomme de terre dauphine, surgelée, cuite",pièce,20
4022,"Flocons de pomme de terre, nature, déshydratés",portion crue,35
4023,"Pomme de terre nouvelle ou primeur, crue",pièce,50
4025,"Potatoes ou wedges ou quartiers de pommes de terre épicés, surgelées, cuites",portion,150
4026,"Pomme de terre, rôtie/cuite au four",pièce,150
4027,"Pomme de terre sautée/poêlée/rissolée, préfrite, surgelée, cuite",portion,200
4028,"Pomme de terre de conservation, sans peau, bouillie/cuite à l'eau",pièce,150
4029,"Pomme de terre nouvelle ou primeur, bouillie/cuite à l'eau, sans peau",pièce,50
4030,"Frites de pommes de terre, surgelées, rôties/cuites au four",portion,130
4032,"Frites de pommes de terre, surgelées, cuites en friteuse",portion,130
4034,"Pomme de terre duchesse, surgelée, cuite",pièce,25
4035,"Pomme de terre noisette, surgelée, cuite",pièce,10
4037,"Chips de pommes de terre nature ou aromatisées, à l'ancienne",poignée,30
4038,"Chips de pommes de terre nature ou aromatisées, allégées en matière grasse (et assimilés )",poignée,30
4039,Rostis ou galette de pomme de terre,pièce,90
4046,"Frites de pommes de terre, surgelées, préfrites, pour cuisson en friteuse",portion,130
4047,Purée de pomme de terre (aliment moyen),assiette,200
4048,"Pomme de terre, cuite (aliment moyen)",pièce,150
4101,"Patate douce, crue",pièce,200
4102,"Patate douce, cuite",pièce,200
20050,"Topinambour, cuit",portion,150
20196,"Topinambour, cru",portion,150
53101,"Banane plantain, cuite",pièce,150
53200,"Taro, tubercule, cru",portion,150
53201,"Taro, tubercule, cuit",portion,150
53502,"Igname, pelée, crue",portion,150
53503,"Igname, épluchée, bouillie/cuite à l'eau",portion,150
53672,"Igname, crue",portion,150
54031,"Manioc, racine crue",portion,150
54034,"Manioc, racine cuite",portion,150
20293,"Haricot coco, bouilli/cuit à l'eau",assiette,200
20360,"Lentille, bouillie/cuite à l'eau (aliment moyen)",assiette,200
20500,"Fève, bouillie/cuite à l'eau",assiette,200
20502,"Haricot blanc, bouilli/cuit à l'eau",assiette,200
20503,"Haricot rouge, bouilli/cuit à l'eau",assiette,200
20506,"Pois cassé, bouilli/cuit à l'eau",assiette,200
20507,"Pois chiche, bouilli/cuit à l'eau",assiette,200
20508,"Haricot flageolet, appertisé, égoutté",assiette,200
20510,"Lentille, cuisinée, appertisée, égouttée",assiette,200
20511,"Haricot blanc, appertisé, égoutté",assiette,200
20513,"Haricot flageolet, bouilli/cuit à l'eau",assiette,200
20524,"Haricot rouge, appertisé, égoutté",assiette,200
20531,"Haricot mungo, frais, bouilli/cuit à l'eau",assiette,200
20532,"Pois chiche, appertisé, égoutté",assiette,200
20540,"Haricot flageolet, vert, bouilli/cuit à l'eau",assiette,200
20542,"Fève, pelée, fraîche, surgelée, bouillie/cuite à l'eau",assiette,200
20543,"Fève, fraîche, surgelée, bouillie/cuite à l'eau",assiette,200
20587,"Lentille verte, bouillie/cuite à l'eau",assiette,200
20588,"Lentille blonde, bouillie/cuite à l'eau",assiette,200
20589,"Lentille corail, bouillie/cuite à l'eau",assiette,200
20700,"Légume sec, cuit (aliment moyen)",assiette,200
20517,"Fève à écosser, fraîche, crue",portion,100
20527,"Pois d'Angole vert, frais, cru",portion,100
20529,"Haricot de Lima ou pois savon ou pois du Cap ou pois souche, cru",portion,100
20359,"Lentille, sèche (aliment moyen)",portion crue,60
20501,"Haricot blanc, sec",portion crue,60
20515,"Pois cassé, sec",portion crue,60
20516,"Pois chiche, sec",portion crue,60
20518,"Fève, sèche",portion crue,60
20525,"Haricot rouge, sec",portion crue,60
20530,"Haricot mungo, sec",portion crue,60
20534,"Lupin, graine, sec",portion crue,60
20535,"Lentille corail, sèche",portion crue,60
20539,"Haricot flageolet, vert, sec",portion crue,60
20585,"Lentille verte, sèche",portion crue,60
20586,"Lentille blonde, sèche",portion crue,60
13000,"Abricot, dénoyauté, cru",fruit,40
13002,"Ananas, chair sans peau, cru",tranche,80
13005,"Banane, chair sans peau, crue",fruit,120
13007,"Cassis, cru",portion,100
13008,"Ceriser, chair et peau, sans noyau, crue",portion,125
13009,"Citron, chair sans peau, sans pépins, cru",fruit,70
13010,"Coing, cru",fruit,200
13012,"Figue, crue",fruit,50
13014,"Fraise, crue",portion,125
13015,"Framboise, crue",portion,125
13016,"Fruit de la passion ou maracudja, chair sans peau, avec pépins, cru",fruit,20
13018,"Grenade, chair sans peau, avec pépins, crue",fruit,150
13019,"Groseille, crue",portion,100
13020,"Groseille à maquereau, crue",portion,100
13021,"Kiwi, chair sans peau, avec pépins, cru",fruit,75
13023,"Litchi, chair sans peau, sans noyau, cru",fruit,12
13024,"Clémentine ou mandarine, chair sans peau, sans pépins, crue",fruit,60
13025,"Mangue, chair sans peau, sans noyau, crue",fruit,250
13026,"Melon cantaloup (par ex.: Charentais), chair sans peau, sans pépins, cru",tranche,150
13027,"Prune mirabelle, sans noyau, crue",fruit,12
13028,"Myrtille, crue",portion,125
13029,"Mûre (de ronce), crue",portion,125
13034,"Orange, chair sans peau, sans pépins, crue",fruit,150
13035,"Papaye, chair sans peau, crue",tranche,150
13036,"Pastèque, chair sans peau, sans pépins, crue",tranche,250
13037,"Poire, chair et peau, crue",fruit,150
13039,"Pomme, chair et peau, crue",fruit,150
13040,"Pomelo (dit Pamplemousse), chair sans peau, sans pépins, cru",demi-fruit,150
13041,"Prune Reine-Claude, sans noyau, crue",fruit,25
13043,"Pêche, chair et peau, sans noyau, crue",fruit,150
13044,"Raisin blanc, à gros grain (type Italia ou Dattier), cru",grappe,125
13045,"Raisin noir, cru",grappe,125
13047,"Rhubarbe, tige, crue",tige,100
13054,"Carambole, chair et peau, crue",fruit,90
13055,"Cerise acérola, chair et peau, sans noyau, crue",fruit,5
13056,"Anone ou chérimole, chair sans peau, crue",fruit,200
13061,"Feijoa, chair sans peau, crue",fruit,40
13063,"Figue de Barbarie, chair et peau, avec pépins, crue",fruit,60
13066,"Kaki, chair et peau, cru",fruit,170
13067,"Citron vert ou lime, chair sans peau, sans pépins, cru",fruit,45
13071,"Mûre noire (du mûrier), crue",portion,125
13077,"Ramboutan ou rambutan, chair sans peau, sans noyau, crue",fruit,12
13080,"Tamarin, fruit mûr, chair sans peau, avec pépins, cru",gousse,8
13083,"Goyave, chair sans peau, crue",fruit,100
13085,"Pomme Canada, chair sans peau, crue",fruit,150
13086,"Pomme Golden, chair sans peau, crue",fruit,150
13100,"Prune, sans noyau, crue",fruit,30
13101,"Raisin Chasselas, cru",grappe,125
13110,"Griotte, crue",portion,125
13113,"Canneberge ou cranberry, crue",poignée,40
13121,"Pomme Granny Smith, chair sans peau, crue",fruit,150
13122,"Pomme Granny Smith, chair et peau, crue",fruit,150
13125,"Citron, zeste, cru",cuillère à café,2
13126,"Sureau, baie, crue",cuillère à soupe,10
13132,"Myrtille, surgelée, crue",portion,125
13134,"Salade de fruits, crue",portion,150
13136,"Framboise, surgelée, crue",portion,125
13148,"Nectarine ou brugnon, jaune, chair et peau, sans noyau, crue",fruit,130
13149,"Nectarine ou brugnon, blanche, chair et peau, sans noyau, crue",fruit,130
13150,"Mûre (de ronce), surgelée, crue",portion,125
13179,"Pomelo (dit Pamplemousse) jaune, chair sans peau, sans pépins, cru",demi-fruit,150
13180,"Pomelo (dit Pamplemousse) rose, chair sans peau, sans pépins, cru",demi-fruit,150
13188,"Poire Conférence, chair sans peau, crue",fruit,150
13189,"Poire Williams, chair sans peau, crue",fruit,150
13190,"Pomme Chantecler, chair sans peau, crue",fruit,150
13191,"Pomme Gala, chair sans peau, crue",fruit,150
13192,"Pomme Pink lady, chair sans peau, crue",fruit,150
13193,"Pêche blanche, chair et peau, sans noyau, crue",fruit,150
13194,"Pêche blanche, chair sans peau, sans noyau, crue",fruit,150
13195,"Pêche jaune, chair sans peau, sans noyau, crue",fruit,150
13395,Raisin cru (aliment moyen),grappe,125
13396,"Pomme, chair sans peau, crue (aliment moyen)",fruit,150
13397,"Poire, chair, crue (aliment moyen)",fruit,150
13398,"Pêche, chair sans peau, sans noyau, crue (aliment moyen)",fruit,150
13399,"Nectarine ou brugnon, chair et peau, sans noyau, crue (aliment moyen)",fruit,130
13499,"Fruit du jacquier ou jacque, chair sans peau, cru",portion,150
13523,"Datte du désert, chair et peau, sans noyau, crue",fruit,10
13529,"Dourian ou durian, chair sans peau, sans noyau, cru",portion,100
13547,"Kaki de brousse, fruit, cru",fruit,30
13549,"Kumquat, chair et peau, sans pépin, cru",fruit,15
13552,"Longan, chair sans peau, sans noyau, cru",fruit,8
13564,"Nèfle du Japon, chair et peau, sans noyau, crue",fruit,30
13614,"Pamplemousse chinois, chair sans peau, sans pépins, cru",quartier,60
13620,"Pomme Golden, chair et peau, crue",fruit,150
13621,"Raisin noir Muscat, cru",grappe,125
13742,"Melon miel ou melon honeydew, chair sans peau, sans pépins, cru",tranche,150
13997,"Fruits rouges, crus (framboises, fraises, groseilles, cassis)",portion,125
13999,Fruit cru (aliment moyen),fruit,150
13038,"Compote de pomme, préemballée",pot,100
13119,"Pruneau, sans noyau, cuit",fruit,12
13129,"Compote, tout type de fruits, allégée en sucres, préemballée, rayon frais",pot,100
13151,"Compote de pomme, allégée en sucres, rayon ambiant",pot,100
13152,"Dessert de fruits, tout type de fruits (en taux de sucres : compotes allégées en sucres < desserts de fruits < compotes), préemballé, rayon ambiant",pot,100
13153,"Purée de fruits, tout type de fruits, type ""compote sans sucres ajoutés"", rayon ambiant",pot,100
13154,"Spécialité de fruits, tout type de fruits, sucrée (mélange chairs et/ou purées de fruits, mais toujours avec autre ingrédient), préemballée, rayon ambiant",pot,100
13175,"Pomme, chair sans peau, rôtie/cuite au four",fruit,130
13176,"Pomme, chair sans peau, bouillie/cuite à l'eau",fruit,130
13185,"Compote ou assimilé, tout type de fruits, sans précision sur la teneur en sucres (allégée en sucres ou non, sans sucres ajoutés…) ni sur le rayon (aliment moyen)",pot,100
13187,"Purée de pommes, type ""compote sans sucres ajoutés"", rayon ambiant",pot,100
13199,"Compote, tout type de fruits autres que pomme seule, allégée en sucres, préemballée, rayon ambiant",pot,100
13203,"Rhubarbe, tige, cuite",portion,100
13211,"Compote, autres fruits, préemballée",pot,100
13212,"Compote de pomme, sans précision sur la teneur en sucres ni sur le rayon (aliment moyen)",pot,100
13214,"Purée de fruits, tout type de fruits, type ""compote sans sucres ajoutés"", sans précision sur le rayon (aliment moyen)",pot,100
13215,"Spécialité de fruits, tout type de fruits, (mélange chairs et/ou purées de fruits, mais toujours avec autre ingrédient), sans précision sur la teneur en sucres ni sur le rayon (aliment moyen)",pot,100
13704,"Abricot au sirop (sans précision sur léger ou classique), appertisé, égoutté (aliment moyen)",oreillon,20
13705,"Macédoine ou cocktail ou salade de fruits, au sirop (sans précision sur léger ou classique), appertisé, égouttée (aliment moyen)",portion,125
13706,"Macédoine ou cocktail ou salade de fruits, au sirop, appertisé, égoutté",portion,125
13707,"Macédoine ou cocktail ou salade de fruits, au sirop, appertisé, non égoutté",portion,125
13708,"Macédoine ou cocktail ou salade de fruits, au sirop léger, appertisé, égoutté",portion,125
13709,"Macédoine ou cocktail ou salade de fruits, au sirop léger, appertisé, non égoutté",portion,125
13712,"Abricot au sirop léger, appertisé, égoutté",oreillon,20
13713,"Abricot au sirop léger, appertisé, non égoutté",oreillon,20
13714,"Abricot au sirop, appertisé, égoutté",oreillon,20
13715,"Abricot au sirop, appertisé, non égoutté",oreillon,20
13716,"Ananas au jus d'ananas, appertisé, égoutté",tranche,40
13717,"Ananas au jus d'ananas, appertisé, non égoutté",tranche,40
13718,"Ananas au sirop léger, appertisé, égoutté",tranche,40
13719,"Ananas au sirop léger, appertisé, non égoutté",tranche,40
13724,"Litchi, chair sans peau, sans noyau,  au sirop léger, appertisé, égoutté",fruit,10
13730,"Pêche, sans noyau, au sirop léger, appertisée, égouttée",demi-fruit,50
13731,"Pêche, sans noyau, au sirop léger, appertisée, non égouttée",demi-fruit,50
13734,"Poire au sirop léger, appertisée, égouttée",demi-fruit,60
13735,"Poire au sirop léger, appertisée, non égouttée",demi-fruit,60
13001,"Abricot, dénoyauté, sec",fruit,8
13011,"Datte, chair et peau, sans noyau, sèche",fruit,8
13013,"Figue, sèche",fruit,20
13042,"Pruneau, sans noyau, sec",fruit,10
13046,Raisin sec,cuillère à soupe,15
13051,"Mélange apéritif de fruits exotiques, sec",poignée,30
13089,"Banane, chair sans peau, sèche",poignée,30
13111,"Pomme, sèche",poignée,25
13118,"Pêche, chair et peau, sans noyau, sèche",poignée,30
13178,"Canneberge ou cranberry, séchée, sucrée",cuillère à soupe,12
13183,"Baie de goji, séchée",cuillère à soupe,10
13623,"Abricot, dénoyauté, sec, moelleux (réhydraté à 35-45%)",fruit,10
13996,Fruit séché (aliment moyen),poignée,30
13401,"Abricot pays, chair et peau, sans noyau, cru, prélevé à la Martinique",fruit,40
13417,"Jus de mandarine commune, pur jus filtré, prélevée à la Martinique",verre,200
13418,"Jus de mandarine macaque, pur jus filtré, prélevée à la Martinique",verre,200
13200,"Mangue José, chair sans peau, sans noyau, crue, prélevée à La Réunion (Mangifera indica L.)",fruit,200
13201,"Ananas Victoria ou Queen Victoria, chair sans peau, crue, prélevé à La Réunion",tranche,80
13202,"Papaye Colombo (fruit mûr), chair sans peau, sans pépins, crue, prélevée à La Réunion (Carica papaya L.)",tranche,150
15000,"Amande, avec peau, sans sel ajouté",poignée,30
15001,"Cacahuète, sans sel ajouté",poignée,30
15002,"Cacahuète, grillée, salée",poignée,30
15004,"Noisette, sans sel ajouté",poignée,30
15005,"Noix, cerneau, séchée",poignée,30
15006,"Noix de coco, chair, fraîche",morceau,40
15007,"Noix de coco, chair, sèche",cuillère à soupe,6
15008,"Noix du Brésil ou noix d'Amazonie, sans sel ajouté",poignée,30
15009,"Pistache, grillée, salée",poignée,30
15010,"Sésame, graine",cuillère à soupe,10
15011,"Tournesol, graine",cuillère à soupe,10
15014,"Noix de coco, amande immature, fraîche",portion,100
15015,"Purée de marrons, appertisée",cuillère à soupe,20
15018,Mélange apéritif de graines salées et raisins secs,poignée,30
15019,"Noix de cajou, grillée, salée",poignée,30
15020,"Châtaigne, bouillie/cuite à l'eau",châtaigne,10
15021,"Châtaigne, grillée",châtaigne,10
15024,"Châtaigne, crue",châtaigne,10
15025,Pignon de pin,cuillère à soupe,10
15026,"Noix de pécan, sans sel ajouté",poignée,30
15027,"Noix de macadamia, sans sel ajouté",poignée,30
15032,"Luzerne, graine",cuillère à soupe,10
15033,"Noisette grillée, sans sel ajouté",poignée,30
15034,"Lin, graine",cuillère à soupe,10
15035,"Sésame, graine décortiquée",cuillère à soupe,10
15038,"Sésame, grillé, graine décortiquée",cuillère à soupe,10
15039,"Châtaigne ou marron, appertisé",châtaigne,10
15041,"Amande, émondée, sans sel ajouté",poignée,30
15042,"Amande, grillée, salée",poignée,30
15043,"Noix de macadamia, grillée, salée",poignée,30
15044,"Pistache, grillée, sans sel ajouté",poignée,30
15045,"Tournesol, graine, grillé, salé",cuillère à soupe,10
15047,"Chia, graine, séchée",cuillère à soupe,10
15048,"Mélange apéritif de graines et fruits séchés, sans sel ajouté",poignée,30
15049,"Mélange apéritif de graines et raisins secs, sans sel ajouté",poignée,30
15052,"Lin, brun, graine",cuillère à soupe,10
15053,"Cacahuète, grillée, sans sel ajouté",poignée,30
15054,"Noix de cajou, grillée, sans sel ajouté",poignée,30
15055,"Noix de cajou, grillée à sec, sans sel ajouté",poignée,30
15063,"Chanvre ou chènevis, graine décortiquée",cuillère à soupe,10
15064,"Courge, graine, séchée",cuillère à soupe,10
15065,"Fruits à coques et cacahuète, salé (aliment moyen)",poignée,30
15066,"Fruits à coques et cacahuète, sans sel ajouté (aliment moyen)",poignée,30
15202,Beurre de cacahuète ou pâte d'arachide,cuillère à soupe,16
15203,Tahin ou purée de sésame,cuillère à soupe,15
20901,"Soja, graine entière",portion crue,60
9081,"Blé dur (grains entiers), précuit, cuit, sans sel ajouté",assiette,200
9103,"Riz complet, cuit, sans sel ajouté",assiette,200
9104,"Riz blanc, cuit, sans sel ajouté",assiette,200
9105,"Riz blanc étuvé, cuit, sans sel ajouté",assiette,200
9107,"Riz blanc, précuit, cuit, sans sel ajouté",assiette,200
9110,"Riz rouge, cuit, sans sel ajouté",assiette,200
9111,"Riz sauvage, cuit, sans sel ajouté",assiette,200
9113,"Riz semi-complet, cuit, sans sel ajouté",assiette,200
9124,"Riz thaï, cuit, sans sel ajouté",assiette,200
9125,"Riz basmati, cuit, sans sel ajouté",assiette,200
9313,Flocons d'avoine bouillis/cuits à l'eau,bol,250
9322,"Orge perlée, bouilli/cuite à l'eau, sans sel ajouté",assiette,200
9331,"Mil, cuit, sans sel ajouté",assiette,200
9341,"Quinoa, bouilli/cuit à l'eau, sans sel ajouté",assiette,200
9615,"Polenta ou semoule de maïs, cuite, sans sel ajouté",assiette,200
9683,"Semoule ou graine de couscous, cuite, sans sel ajouté",assiette,200
9685,"Semoule ou graine de couscous complète, cuite, sans sel ajouté",assiette,200
9686,"Semoule ou graine de couscous semi-complète, cuite, sans sel ajouté",assiette,200
9691,"Boulgour de blé, cuit, sans sel ajouté",assiette,200
9811,"Pâtes sèches, standard, cuites, sans sel ajouté",assiette,250
9816,"Pâtes fraîches, aux oeufs, cuites, sans sel ajouté",assiette,250
9822,"Pâtes sèches, aux oeufs, cuites, sans sel ajouté",assiette,250
9824,"Pâtes sèches, sans gluten, cuites, sans sel ajouté",assiette,250
9871,"Pâtes sèches, au blé complet, cuites, sans sel ajouté",assiette,250
9875,"Pâtes sèches, sans gluten (à base de riz et maïs), cuites, sans sel ajouté",assiette,250
9876,"Pâtes sèches, sans gluten (à base de lentilles corail), cuites, sans sel ajouté",assiette,250
9877,"Pâtes sèches, semi-complètes, cuites, sans sel ajouté",assiette,250
9901,"Vermicelle de riz, cuite, sans sel ajouté",assiette,200
9903,"Vermicelle de soja, cuite, sans sel ajouté",assiette,200
25510,"Gnocchi à la pomme de terre, cuit",assiette,200
51511,"Frik (blé dur immature concassé), cuit, sans sel ajouté",assiette,200
9001,"Épeautre, cru",portion crue,60
9003,"Blé de Khorasan, cru",portion crue,60
9060,"Blé dur complet, cru",portion crue,60
9080,"Blé dur complet, précuit, à cuire",portion crue,60
9100,"Riz blanc, cru",portion crue,70
9101,"Riz blanc étuvé, cru",portion crue,70
9102,"Riz complet, cru",portion crue,70
9108,"Riz sauvage, cru",portion crue,70
9109,"Riz rouge, cru",portion crue,70
9310,"Avoine, crue",portion crue,40
9320,"Orge complète, crue",portion crue,60
9321,"Orge perlée, crue",portion crue,60
9330,"Mil complet, cru",portion crue,60
9340,"Quinoa, cru",portion crue,60
9345,"Amarante, crue",portion crue,60
9360,"Sorgho complet, cru",portion crue,60
9380,"Sarrasin complet, cru",portion crue,60
9390,"Seigle complet, cru",portion crue,60
9610,"Semoule de blé dur, crue",portion crue,60
9612,"Mélange de céréales et légumes secs, cru",portion crue,60
9614,"Polenta ou semoule de maïs, précuite, à cuire",portion crue,60
9681,"Graine de couscous (semoule de blé dur précuite), à cuire",portion crue,60
9690,"Boulgour de blé, cru",portion crue,60
9810,"Pâtes sèches, standard, crues",portion crue,80
9815,"Pâtes fraîches, aux oeufs, crues",portion crue,120
9821,"Pâtes sèches, aux oeufs, crues",portion crue,80
9870,"Pâtes sèches, au blé complet, crues",portion crue,80
9900,"Vermicelles de riz sèches, crues",portion crue,60
9902,"Vermicelles de soja sèches, crues",portion crue,60
51510,"Frik (blé dur immature concassé), cru",portion crue,60
54035,"Gari, semoule de manioc fermentée et séchée",portion crue,60
7000,Pain (aliment moyen),morceau,50
7001,"Pain blanc (par ex. : baguette, boule…)",morceau,50
7002,Pain au levain,tranche,30
7007,"Pain de tradition française (par ex. : baguette, boule…)",morceau,50
7009,"Pain blanc précuit, à finir de cuire, préemballé",morceau,50
7010,Pain bis (à la farine T80 ou T110),tranche,30
7098,"Pain aux céréales et/ou aux graines, préemballé",tranche,30
7100,Pain de campagne,tranche,30
7106,"Pain complet au seigle, préemballé",tranche,30
7107,"Pain aux graines sans gluten, préemballé",tranche,30
7109,"Pain de mie complet, sans croûte, préemballé",tranche,20
7110,Pain complet ou intégral (à la farine T150),tranche,30
7111,"Pain de mie complet, préemballé",tranche,25
7113,"Pain de mie aux céréales et/ou graines, préemballé",tranche,25
7114,"Pain azyme, préemballé",galette,30
7115,Pain au son,tranche,30
7116,"Pain de mie blanc sans gluten, préemballé",tranche,25
7117,"Pain de mie blanc, sans sucres ajoutés, préemballé",tranche,25
7125,Pain de seigle et froment,tranche,30
7130,"Pain sans gluten, préemballé",tranche,30
7160,"Pain blanc, sans sel ajouté",morceau,50
7170,Pain panini,pièce,90
7180,Pain pita,pièce,70
7200,"Pain de mie blanc, préemballé",tranche,25
7201,"Pain de mie blanc, sans croûte, préemballé",tranche,20
7210,"Pain de mie brioché, préemballé",tranche,25
7255,Pain aux céréales et/ou graines,tranche,30
7256,"Muffin anglais complet, petit pain spécial, préemballé",pièce,60
7257,"Muffin anglais, petit pain spécial, préemballé",pièce,60
7258,Pain bagel,pièce,90
7259,"Pain pour burger ou hot dog (bun), préemballé",pièce,60
7260,"Pain blanc, fait maison (avec farine pour machine à pain)",morceau,50
7261,"Pain de campagne, fait maison (avec farine pour machine à pain)",tranche,30
7263,"Bretzel, pain frais",pièce,80
7813,"Tortilla souple (à garnir), à base de maïs",pièce,30
7815,"Tortilla souple (à garnir), à base de blé",pièce,45
23805,Blinis,pièce,15
7004,"Pain blanc, passé au grille-pain",tranche,25
7300,Biscotte classique,biscotte,9
7301,Biscotte briochée,biscotte,9
7302,Biscotte au germe de blé,biscotte,9
7310,"Biscotte, sans sel ajouté",biscotte,9
7330,Biscotte aux céréales,biscotte,9
7340,Biscotte au blé complet,biscotte,9
7349,Cracker de table au blé complet,pièce,7
7351,Cracker de table au froment,pièce,7
7352,Galette de riz complet soufflé,galette,9
7353,Galette de céréales soufflées,galette,9
7354,Galette de maïs soufflé,galette,9
7359,"Tartine croustillante au seigle, source ou riche en fibres",tartine,12
7400,"Pain grillé au froment, tranches, préemballé",tranche,10
7402,"Pain grillé au blé complet, tranches, préemballé",tranche,10
7403,"Pain grillé brioché, tranches, préemballé",tranche,10
7407,Petit pain grillé suédois au froment,pièce,10
7410,"Tartine craquante extrudée, classique",tartine,8
7414,"Tartine craquante extrudées, source ou riche en fibres",tartine,8
7419,"Petit pain grillé suédois au blé complet, sans sucres ajoutés",pièce,10
7420,Petit pain grillé suédois au blé complet,pièce,10
7425,"Pain grillé aux céréales, tranches, préemballé",tranche,10
7432,"Croûton nature, préemballé",cuillère à soupe,5
7500,Chapelure,cuillère à soupe,8
7525,"Gressin, nature (sans sésame)",pièce,6
38500,"Croûton, à l'ail, aux fines herbes ou aux oignons, préemballé",cuillère à soupe,5
9230,"Pop-corn ou maïs éclaté, à l'huile, salé",bol,25
9231,"Pop-corn ou maïs éclaté, sans huile, non salé",bol,25
38104,"Chips, beignet ou pétale à la crevette",poignée,30
38105,"Chips de maïs ou tortilla chips, aromatisé",poignée,30
38106,"Biscuit ou cracker apéritif, soufflé, goût pomme de terre",poignée,30
38107,"Biscuit ou cracker apéritif, mini bretzel ou sticks",poignée,30
38399,Biscuit ou cracker apéritif (aliment moyen),poignée,30
38401,"Biscuit ou cracker apéritif, à base de blé, au fromage",poignée,30
38402,"Biscuit ou cracker apéritif, à base de blé, nature ou aromatisé",poignée,30
38403,"Biscuit ou cracker apéritif, à base de blé, nature, allégé en matière grasse",poignée,30
38417,"Chips de maïs ou tortilla chips, nature",poignée,30
38419,"Biscuit ou cracker apéritif, soufflé, goût bacon",poignée,30
38420,"Biscuit ou cracker apéritif, soufflé, nature",poignée,30
4090,Fécule de pomme de terre,cuillère à soupe,10
9410,Farine de blé tendre ou froment T110,cuillère à soupe,10
9415,Farine de blé tendre ou froment T150,cuillère à soupe,10
9435,Farine de blé tendre ou froment T65,cuillère à soupe,10
9436,Farine de blé tendre ou froment T55 (pour pains),cuillère à soupe,10
9440,Farine de blé tendre ou froment T45 (pour pâtisserie),cuillère à soupe,10
9445,Farine de blé tendre ou froment T80,cuillère à soupe,10
9480,Farine d'épeautre (grand épeautre),cuillère à soupe,10
9510,Amidon de maïs ou fécule de maïs,cuillère à soupe,10
9520,Farine de riz,cuillère à soupe,10
9530,Farine de seigle T170,cuillère à soupe,10
9532,Farine de seigle T85,cuillère à soupe,10
9533,Farine de seigle T130,cuillère à soupe,10
9540,Farine de sarrasin,cuillère à soupe,10
9545,Farine de maïs,cuillère à soupe,10
9550,Farine d'orge,cuillère à soupe,10
9555,Farine de millet,cuillère à soupe,10
9570,Farine de châtaigne,cuillère à soupe,10
9580,Farine de pois chiche,cuillère à soupe,10
20915,Farine de soja complète,cuillère à soupe,10
23399,"Pâte brisée, préemballée, cuite (aliment moyen)",part,40
23412,"Pâte brisée, matière grasse végétale, préemballée, cuite",part,40
23416,"Pâte brisée, pur beurre, préemballée, cuite",part,40
23420,"Pâte feuilletée, matière grasse végétale, crue",part,40
23426,"Pâte feuilletée, pur beurre, préemballée, cuite",part,40
23430,"Feuille de brick ou khatfa, préemballée, cuite à sec sans matière grasse",feuille,12
23442,"Pâte sablée, préemballée, cuite",part,40
23445,"Pâte phyllo ou pâte filo, crue",feuille,15
23448,"Pâte sablée, pur beurre, préemballée, cuite",part,40
96778,"Pâte à pizza, préemballée, cuite",part,65
6584,"Viande blanche, cuite (aliment moyen)",portion,120
6585,"Viande rouge, cuite (aliment moyen)",portion,120
6999,Viande cuite (aliment moyen),portion,120
36042,"Volaille, viande cuite (aliment moyen)",portion,120
36900,"Volaille, cuite (aliment moyen)",portion,120
6100,"Boeuf, entrecôte, partie maigre grillée/poêlée",portion,120
6101,Boeuf braisé,portion,120
6105,"Boeuf, faux-filet rôti/cuit au four",portion,120
6110,"Boeuf, faux-filet grillé/poêlé",portion,120
6123,"Boeuf, plat de côtes braisé ou bouilli/cuit à l'eau",portion,120
6131,"Boeuf, hampe grillée/poêlée",portion,120
6141,"Boeuf, joue, braisée ou bouillie/cuite à l'eau",portion,120
6151,"Boeuf, jarret bouilli/cuit à l'eau",portion,120
6161,"Boeuf, tende de tranche grillée/poêlée",portion,120
6162,"Boeuf, tende de tranche rôtie/cuite au four",portion,120
6200,"Boeuf, steak ou bifteck grillé/poêlé",portion,120
6205,"Boeuf, onglet grillé/poêlé",portion,120
6207,"Boeuf, rumsteck grillé/poêlé",portion,120
6208,"Boeuf, boule de macreuse grillée/poêlée",portion,120
6210,"Boeuf, rosbif rôti/cuit au four",portion,120
6211,"Boeuf, bavette d'aloyau grillée/poêlée",portion,120
6214,"Boeuf, boule de macreuse rôtie/cuite au four",portion,120
6230,"Boeuf, à bourguignon ou pot-au-feu, cuit",portion,120
6241,"Boeuf, collier braisé",portion,120
6251,"Boeuf, steak haché 5% MG cuit",pièce,75
6253,"Boeuf, steak haché 10% MG cuit",pièce,75
6255,"Boeuf, steak haché 15% MG cuit",pièce,75
6257,"Boeuf, steak haché 20% MG cuit",pièce,75
6259,"Boeuf, steak haché, cuit (aliment moyen)",pièce,75
6271,"Boeuf, paleron, braisé ou bouilli/cuit à l'eau",portion,120
6310,"Boeuf, queue bouillie/cuite à l'eau",portion,120
6511,"Veau, côte grillée/poêlée",portion,120
6512,"Veau, carré grillé/poêlé",portion,120
6520,"Veau, escalope cuite",pièce,100
6523,"Veau, noix grillée/poêlée",portion,120
6524,"Veau, noix rôtie/cuite au four",portion,120
6531,"Veau, filet rôti/cuit au four",portion,120
6551,"Veau, rôti cuit",portion,120
6562,"Veau, épaule grillée/poêlée",portion,120
6563,"Veau, épaule braisée ou bouillie",portion,120
6564,"Veau, viande, cuite (aliment moyen)",portion,120
6581,"Veau, jarret braisé ou bouilli",portion,120
6582,"Veau, tête, bouillie/cuite à l'eau",portion,120
6591,"Veau, collier braisé ou bouilli",portion,120
28010,"Porc, épaule cuite",portion,120
28101,"Porc, côte grillée/poêlée",portion,120
28103,"Porc, rouelle de jambon cuite",portion,120
28105,"Porc, carré cuit",portion,120
28202,"Porc, filet maigre, en rôti, cuit",portion,120
28203,"Porc, filet mignon cuit",portion,120
28205,"Porc, viande, cuite (aliment moyen)",portion,120
28301,"Porc, rôti cuit",portion,120
28401,"Porc, travers braisé",portion,120
28451,"Porc, échine rôtie/cuite au four",portion,120
28461,"Porc, escalope de jambon cuite",pièce,100
36004,"Poulet, cuisse, viande et peau rôtie/cuite au four",pièce,120
36005,"Poulet, viande et peau rôties/cuites au four",portion,120
36006,"Poulet, cuisse, viande rôtie/cuite au four",pièce,120
36018,"Poulet, filet sans peau grillé/poêlé",pièce,110
36030,"Poulet, cuisse, viande bouillie/cuite à l'eau",pièce,120
36031,"Poulet, cuisse, viande et peau bouillie/cuite à l'eau",pièce,120
36032,"Poulet, poitrine, viande et peau rôties/cuites au four",portion,120
36033,"Poulet, aile, viande et peau rôties/cuites au four",pièce,30
36041,"Poulet, filet sans peau grillé/poêlé, bio",pièce,110
36302,"Dinde, viande rôtie/cuite au four",portion,120
36306,"Dinde, escalope grillée/poêlée",pièce,100
36308,"Dinde, escalope rôtie/cuite au four",pièce,100
21501,"Agneau, côtelette grillée/poêlée",pièce,45
21503,"Agneau, gigot rôti/cuit au four",portion,120
21506,"Agneau, épaule rôtie/cuite au four",portion,120
21507,"Agneau, épaule maigre rôtie/cuite au four",portion,120
21508,"Agneau, collier braisé ou bouilli",portion,120
21509,"Agneau, côte filet grillée/poêlée",pièce,45
21512,"Agneau, côte première grillée/poêlée",pièce,45
21513,"Agneau, selle, partie maigre rôtie/cuite au four",portion,120
21518,"Agneau, gigot grillé/poêlé",portion,120
21519,"Agneau, gigot braisé",portion,120
21520,"Agneau, selle, partie maigre grillée/poêlée",portion,120
21522,"Agneau, côte ou côtelette, cuite (aliment moyen)",pièce,45
21523,"Agneau, viande, cuite (aliment moyen)",portion,120
21524,"Agneau, côte ou côtelette, grillée/poêlée (aliment moyen)",pièce,45
14000,"Chevreuil, viande rôtie/cuite au four",portion,120
14003,"Sanglier, viande rôtie/cuite au four",portion,120
14007,"Cerf, viande rôtie/cuite au four",portion,120
14008,"Gibier à poil, cuit (aliment moyen)",portion,120
36402,"Faisan, viande rôtie/cuite au four",portion,120
36603,"Gibier à plumes, viande, cuit (aliment moyen)",portion,120
6902,"Cheval, viande rôtie/cuite au four",portion,120
6906,"Cheval, tende de tranche grillée/poêlée",portion,120
6907,"Cheval, faux-filet grillé/poêlé",portion,120
6908,"Cheval, entrecôte grillée/poêlée",portion,120
6909,"Cheval, faux-filet rôti/cuit au four",portion,120
6910,"Cheval, tende de tranche rôtie/cuite au four",portion,120
21801,"Chevreau, viande cuite",portion,120
34000,"Lapin, viande braisée",portion,120
34002,"Lapin, viande cuite",portion,120
34004,"Lapin de garenne, viande cuite",portion,120
36051,"Chapon, viande et peau rôties/cuites au four",portion,120
36102,"Caille, viande et peau cuites",pièce,80
36200,"Canard, viande et peau rôties/cuites au four",portion,120
36202,"Canard, viande rôtie/cuite au four",portion,120
36205,"Canard, magret grillé/poêlé",portion,150
36502,"Oie, viande rôtie/cuite au four",portion,120
36503,"Oie, viande et peau rôties/cuites au four",portion,120
36602,"Pigeon, viande rôtie/cuite au four",portion,120
36801,"Autruche, viande cuite",portion,120
40003,"Cervelle, agneau, cuite",portion,100
40004,"Cervelle, porc, braisée",portion,100
40007,"Cervelle, veau, cuite",portion,100
40053,"Coeur, boeuf, cuit",portion,100
40056,"Coeur, poulet, cuit",portion,100
40057,"Coeur, dinde, cuit",portion,100
40059,"Coeur, agneau, cuit",portion,100
40103,"Foie, agneau, cuit",portion,100
40105,"Foie, génisse, cuit",portion,100
40107,"Foie, veau, cuit",portion,100
40109,"Foie, volaille, cuit",portion,100
40113,"Foie, porc, cuit",portion,100
40116,"Foie, poulet, cuit",portion,100
40118,"Foie, dinde, cuit",portion,100
40201,"Langue, veau, cuite",portion,100
40203,"Langue, boeuf, cuite",portion,100
40303,"Ris, agneau, cuit",portion,100
40305,"Ris, veau, braisé ou grillé/poêlé",portion,100
40401,"Rognon, cuit (aliment moyen)",portion,100
40403,"Rognon, boeuf, cuit",portion,100
40405,"Rognon, porc, cuit",portion,100
40406,"Rognon, agneau, braisé",portion,100
40408,"Rognon, veau, braisé ou grillé/poêlé",portion,100
40601,"Abat, cuit (aliment moyen)",portion,100
40701,"Gésier, canard, confit, appertisé",portion,100
6001,"Boeuf, côte crue",portion,150
6002,"Boeuf, épaule crue",portion,150
6003,"Boeuf, basse-côte crue",portion,150
6102,"Boeuf, gîte à la noix cru",portion,150
6103,"Boeuf, entrecôte crue",portion,150
6106,"Boeuf, rond de gîte cru",portion,150
6111,"Boeuf, faux-filet cru",portion,150
6116,"Boeuf, filet cru",portion,150
6122,"Boeuf, plat de côtes cru",portion,150
6130,"Boeuf, hampe crue",portion,150
6140,"Boeuf, joue crue",portion,150
6160,"Boeuf, tende de tranche crue",portion,150
6201,"Boeuf, steak ou bifteck cru",portion,150
6202,"Boeuf, boule de macreuse crue",portion,150
6204,"Boeuf, onglet cru",portion,150
6206,"Boeuf, rumsteck cru",portion,150
6212,"Boeuf, bavette d'aloyau crue",portion,150
6231,"Boeuf, à bourguignon ou pot-au-feu, cru",portion,150
6240,"Boeuf, collier cru",portion,150
6250,"Boeuf, steak haché 5% MG cru",pièce,100
6252,"Boeuf, steak haché 10% MG cru",pièce,100
6254,"Boeuf, steak haché 15% MG cru",pièce,100
6256,"Boeuf, steak haché 20% MG cru",pièce,100
6270,"Boeuf, paleron cru",portion,150
6311,"Boeuf, queue crue",portion,150
6510,"Veau, côte crue",portion,150
6513,"Veau, carré cru",portion,150
6521,"Veau, escalope crue",pièce,120
6522,"Veau, noix,crue",portion,150
6530,"Veau, filet cru",portion,150
6535,"Veau, steak haché 20% MG cru",pièce,100
6540,"Veau, poitrine crue",portion,150
6550,"Veau, rôti cru",portion,150
6560,"Veau, épaule crue",portion,150
6580,"Veau, pied cru",portion,150
6583,"Veau, jarret cru",portion,150
6590,"Veau, collier cru",portion,150
28001,"Porc, épaule crue",portion,150
28002,"Porc, poitrine crue",portion,150
28009,"Porc, palette crue",portion,150
28100,"Porc, côte crue",portion,150
28102,"Porc, rouelle de jambon crue",portion,150
28104,"Porc, carré cru",portion,150
28204,"Porc, filet mignon cru",portion,150
28300,"Porc, rôti cru",portion,150
28302,"Porc, échine crue",portion,150
28400,"Porc, travers cru",portion,150
28460,"Porc, escalope de jambon crue",pièce,120
36000,"Poule, viande et peau crues",portion,150
36001,"Poule, viande crue",portion,150
36002,"Poulet, cuisse, viande et peau crue",pièce,170
36003,"Poulet, viande crue",portion,150
36007,"Poulet blanc, viande et peau crues",portion,150
36008,"Poulet fermier, viande et peau crues",portion,150
36014,"Poule, cuisse crue",pièce,170
36016,"Poulet, viande et peau crues",portion,150
36017,"Poulet, filet sans peau cru",pièce,140
36019,"Poulet, haut de cuisse, viande crue",pièce,100
36020,"Poulet éviscéré sans abats, cru",portion,150
36022,"Poulet, pilon cru",pièce,70
36023,"Poulet, aile, viande et peau crues",pièce,45
36024,"Poulet, cuisse, viande crue",pièce,170
36029,"Poulet, poitrine, viande et peau crues",portion,150
36037,"Poulet, cuisse, viande et peau crues bio",pièce,170
36038,"Poulet, cuisse, viande et peau crues label rouge",pièce,170
36039,"Poulet, filet sans peau cru, bio",pièce,140
36040,"Poulet, filet sans peau cru, label rouge",pièce,140
36300,"Dinde, viande et peau crues",portion,150
36301,"Dinde, viande crue",portion,150
36304,"Dinde, escalope crue",pièce,120
36305,"Dinde, cuisse, viande et peau crues",portion,150
36307,"Dinde, cuisse, viande crue",portion,150
36310,"Dinde, aile crue",portion,150
36311,"Dinde, haut de cuisse cru",portion,150
21001,"Mouton, viande crue",portion,150
21003,"Mouton, épaule crue",portion,150
21004,"Mouton, pied cru",portion,150
21005,"Mouton, tête crue",portion,150
21006,"Mouton, gigot cru",portion,150
21500,"Agneau, côtelette crue",pièce,60
21502,"Agneau, gigot cru",portion,150
21504,"Agneau, épaule crue",portion,150
21505,"Agneau, épaule maigre crue",portion,150
21514,"Agneau, collier cru",portion,150
21515,"Agneau, selle crue",portion,150
21516,"Agneau, côte filet crue",pièce,60
21517,"Agneau, côte première crue",pièce,60
21521,"Agneau, côte ou côtelette, crue (aliment moyen)",pièce,60
21525,"Agneau, côte découverte crue",pièce,60
14002,"Sanglier, viande crue",portion,150
14004,"Lièvre, viande crue",portion,150
14005,"Chevreuil, viande crue",portion,150
14006,"Cerf, viande crue",portion,150
36401,"Faisan, viande crue",portion,150
36403,"Faisan, viande et peau crues",portion,150
6900,"Cheval, viande crue",portion,150
6901,"Cheval, steak ou bifteck cru",portion,150
6903,"Cheval, tende de tranche crue",portion,150
6904,"Cheval, faux-filet cru",portion,150
6905,"Cheval, entrecôte crue",portion,150
21800,"Chevreau, viande crue",portion,150
34001,"Lapin, viande crue",portion,150
34003,"Lapin de garenne, viande crue",portion,150
36050,"Chapon, viande et peau crues",portion,150
36100,"Caille, viande et peau crues",pièce,100
36101,"Caille, viande crue",pièce,100
36201,"Canard, viande crue",portion,150
36204,"Canard, viande et peau crues",portion,150
36206,"Canard, magret cru",portion,175
36500,"Oie, viande crue",portion,150
36501,"Oie, viande et peau crues",portion,150
36600,"Pigeon, viande crue",portion,150
36700,"Pintade, viande crue",portion,150
36702,"Pintade, poitrine crue",portion,150
36703,"Pintade, cuisse crue",portion,150
36800,"Autruche, viande crue",portion,150
40002,"Cervelle, agneau, crue",portion,120
40005,"Cervelle, porc, crue",portion,120
40006,"Cervelle, veau, crue",portion,120
40052,"Coeur, boeuf, cru",portion,120
40054,"Coeur, poulet, cru",portion,120
40055,"Coeur, dinde, cru",portion,120
40058,"Coeur, agneau, cru",portion,120
40060,"Coeur, porc, cru",portion,120
40062,"Coeur, veau, cru",portion,120
40102,"Foie, agneau, cru",portion,120
40104,"Foie, génisse, cru",portion,120
40106,"Foie, veau, cru",portion,120
40108,"Foie, volaille, cru",portion,120
40110,"Foie, lapin, cru",portion,120
40111,"Foie, poulet, cru",portion,120
40115,"Foie, dinde, cru",portion,120
40119,"Foie, porc, cru",portion,120
40120,"Foie, oie, cru",portion,120
40121,"Foie, canard, cru",portion,120
40202,"Langue, boeuf, crue",portion,120
40204,"Langue, veau, crue",portion,120
40205,"Langue, porc, crue",portion,120
40207,"Langue, agneau, crue",portion,120
40302,"Ris, agneau, cru",portion,120
40304,"Ris, veau, cru",portion,120
40402,"Rognon, boeuf, cru",portion,120
40404,"Rognon, porc, cru",portion,120
40407,"Rognon, agneau, cru",portion,120
40409,"Rognon, veau, cru",portion,120
40502,"Tripes, boeuf, crues",portion,120
40600,"Sang, boeuf, cru",portion,50
40700,"Gésier, poulet, cru",portion,120
30900,Charcuterie (aliment moyen),portion,50
8429,Jambon persillé en gelée,tranche,60
28700,Jambon de porc à cuire ou jambon à rôtir/cuire au four,portion,150
28727,Filet de bacon,tranche,15
28803,"Jambon cuit, fumé",tranche,45
28900,"Jambon cuit, supérieur",tranche,45
28902,"Jambon cuit, supérieur, découenné",tranche,45
28905,Jambon à l'os braisé,tranche,50
28906,"Jambon cuit, supérieur, découenné dégraissé",tranche,45
28913,"Jambon cuit, choix, découenné dégraissé",tranche,45
28963,Jambon de poulet ou blanc de poulet en tranche,tranche,25
28964,Jambon de dinde ou blanc de dinde en tranche,tranche,25
28800,Jambon cru,tranche,15
28801,Jambon cru fumé,tranche,15
28811,Jambon de Bayonne,tranche,15
28844,Jambon sec de Parme,tranche,15
28850,Coppa,tranche,10
28858,Pancetta ou poitrine roulée sèche,tranche,10
30300,Saucisson sec,tranche,5
30301,Saucisson sec pur porc,tranche,5
30302,"Saucisson sec pur porc, qualité supérieure",tranche,5
30304,Rosette ou fuseau,tranche,5
30309,Saucisse sèche,tranche,5
30005,Chipolata cuite,pièce,40
30011,Saucisse de Toulouse cuite,pièce,100
30050,Chair à saucisse crue,portion,100
30051,"Chair à saucisse, pur porc, crue",portion,100
30104,Saucisse de Morteau,portion,100
30105,"Saucisse de Montbéliard, à cuire",pièce,120
30108,Saucisse de Morteau bouillie/cuite à l'eau,portion,100
30110,Saucisse de Toulouse crue,pièce,120
30115,Chipolata crue,pièce,50
30125,Saucisse alsacienne fumée ou gendarme,pièce,50
30130,Saucisse de volaille façon charcutière,pièce,100
30134,Saucisse de Francfort,pièce,50
30150,Merguez crue,pièce,50
30155,"Merguez, boeuf et mouton, cuite",pièce,40
30176,Saucisse de foie,tranche,20
30742,"Saucisse de Strasbourg ou knack, à cuire",pièce,35
30746,Saucisse cocktail,pièce,10
30780,Saucisse (aliment moyen),pièce,70
8206,Pâté au jambon,tranche,35
8211,Pâté ou terrine de campagne,tranche,35
8232,Terrine de canard,tranche,35
8240,Pâté de lapin,tranche,35
8305,Pâté de foie de porc,tranche,35
8313,Mousse de foie de porc,tranche,35
8316,Pâté de foie de volaille,tranche,35
8326,Pâté de foie d'oie,tranche,35
8332,Pâté (aliment moyen),tranche,35
8391,Pâté en croûte,tranche,60
8000,Rillettes traditionnelles de porc,cuillère à soupe,20
8001,Rillettes pur porc,cuillère à soupe,20
8026,Rillettes de canard,cuillère à soupe,20
8030,Rillettes d'oie,cuillère à soupe,20
8933,"Quenelle de poisson, à cuire",pièce,60
8937,"Quenelle nature, à cuire",pièce,60
8109,"Confit de canard, viande (cuisse), sans peau, appertisé, réchauffé",cuisse,170
8110,"Confit de canard, appertisé",cuisse,170
8321,"Foie gras, canard, entier, cuit",tranche,40
8323,"Foie gras, canard, bloc, sans morceaux",tranche,40
8324,"Foie gras, canard, bloc, 30% de morceaux",tranche,40
8325,"Foie gras, canard, bloc, 50% de morceaux",tranche,40
8328,"Foie gras, canard, cru",tranche,40
8331,"Foie gras, canard, bloc (aliment moyen)",tranche,40
8380,Oeuf au jambon en gelée,pièce,100
8395,Jambon en croûte,part,150
8400,Fromage de tête,tranche,50
8500,Andouille,tranche,20
8504,"Andouille, réchauffée à la poêle",tranche,20
8550,"Andouillette, à cuire",pièce,160
8551,"Andouillette, grillée/poêlée",pièce,160
8552,"Andouillette de Troyes, à cuire",pièce,160
8703,"Boudin noir, à cuire",pièce,120
8704,"Boudin noir, grillé/poêlé",pièce,120
8705,"Boudin, grillé/poêlé (aliment moyen)",pièce,120
8800,"Boudin blanc, grillé/poêlé",pièce,110
8803,"Boudin blanc truffé, à cuire",pièce,110
28501,"Lardon nature, cru",portion,50
28503,Bresaola,tranche,8
28504,"Lardon nature, cuit",portion,50
28505,"Corned-beef, appertisé",tranche,30
28530,Oreille de porc demi-sel,portion,150
28540,Pied de porc demi-sel,portion,150
28550,Poitrine de porc demi-sel,portion,150
28720,"Lardon fumé, cru",portion,50
28725,"Lardon fumé, cuit",portion,50
28860,Viande des Grisons,tranche,8
30315,Chorizo,tranche,5
30316,"Chorizo supérieur, doux ou fort, type saucisse sèche",tranche,5
30317,"Chorizo supérieur, doux ou fort, type charcuterie en tranches",tranche,5
30350,Salami,tranche,8
30351,Salami pur porc,tranche,8
30700,Saucisson à l'ail,tranche,20
30707,"Saucisson brioché, cuit",tranche,70
30730,Cervelas,pièce,100
30731,Cervelas obernois,pièce,100
30789,Mortadelle,tranche,20
30790,"Mortadelle, pur porc",tranche,20
30791,"Mortadelle, porc et boeuf",tranche,20
30801,Saucisson de cheval type cervelas,pièce,100
1030,"Fines tranches végétales, préemballées",tranche,15
1031,"Spécialité végétale type pâté, préemballée",tranche,35
20337,"Saucisse végétale au tofu (convient aux véganes ou végétaliens), préemballée",pièce,50
20338,"Quenelle au tofu (ne convient pas aux véganes ou végétaliens), préemballée",pièce,60
25232,"Saucisse végétale au blé ou seitan, préemballé",pièce,50
1032,"Haché à base de boeuf et soja, préemballé",portion,100
1034,"Saucisse de volaille type knack (contenant du soja), préemballée",pièce,35
25990,"Mahi-mahi, chair, cuit",portion,125
25996,"Saumon, cuit, sans précision (aliment moyen)",portion,125
25997,"Cabillaud, cuit, sans précision (aliment moyen)",portion,125
26003,"Carrelet ou plie ou plie commune, cuit à la vapeur",portion,125
26008,"Églefin, cuit à la vapeur",portion,125
26012,"Hareng, frit",portion,125
26014,"Hareng, grillé/poêlé",portion,125
26015,"Lieu noir, cuit",portion,125
26017,"Limande-sole, cuite à la vapeur",portion,125
26019,"Maquereau, rôti/cuit au four",portion,125
26020,"Maquereau, frit",portion,125
26021,"Merlan, frit",portion,125
26022,"Merlan, cuit à la vapeur",portion,125
26023,"Cabillaud, rôti/cuit au four",portion,125
26024,"Morue, salée, bouillie/cuite à l'eau",portion,125
26025,"Cabillaud, cuit à la vapeur",portion,125
26026,"Mulet, rôti/cuit au four",portion,125
26031,"Raie, rôtie/cuite au four",portion,125
26033,"Roussette ou petite roussette ou saumonette, cuite",portion,125
26038,"Saumon, cuit à la vapeur",portion,125
26041,"Thon, rôti/cuit au four",portion,125
26059,"Sole, cuite à la vapeur",portion,125
26060,"Sole, rôtie/cuite au four",portion,125
26061,"Sole, bouillie/cuite à l'eau",portion,125
26062,"Sole, frite",portion,125
26073,"Raie, cuite au court-bouillon",portion,125
26081,"Lotte ou baudroie, grillée/poêlée",portion,125
26093,"Espadon, rôti/cuit au four",portion,125
26094,"Turbot, rôti/cuit au four",portion,125
26120,"Merlu, cuit à l'étouffée",portion,125
26126,"Églefin, grillé/poêlé",portion,125
26136,"Sardine,  grillée/poêlée",pièce,35
26147,"Vivaneau, cuit",portion,125
26148,"Rascasse ou rascasse de profondeur, cuite à la vapeur",portion,125
26192,"Lieu jaune ou colin, cuit",portion,125
26211,"Saumon, élevage, cuit au micro-onde",portion,125
26217,"Saumon, élevage, bouilli/cuit à l'eau",portion,125
26222,"Dorade grise ou daurade grise ou griset, rôtie/cuite au four",portion,125
26229,"Saumon, grillé/poêlé",portion,125
26230,"Saumon, élevage, rôti/cuit au four",portion,125
26234,"Julienne ou lingue, cuite",portion,125
26247,"Flétan du Groënland ou flétan noir ou flétan commun, cuit à la vapeur",portion,125
26248,"Sole, grillée/poêlée",portion,125
26998,"Truite saumonée, sautée/poêlée",portion,125
26999,"Anguille, cuite (aliment moyen)",portion,125
27000,"Anguille, rôtie/cuite au four",portion,125
27001,"Anguille, bouillie/cuite à l'eau",portion,125
27002,"Brochet, rôti/cuit au four",portion,125
27004,"Carpe, rôtie/cuite au four",portion,125
27005,"Perche ou perche européenne, rôtie/cuite au four",portion,125
27006,"Truite, rôtie/cuite au four",portion,125
27007,"Truite ou truite fario, cuite à la vapeur",portion,125
27014,"Truite arc en ciel, élevage, rôtie/cuite au four",portion,125
27015,"Truite arc en ciel, élevage, cuite à la vapeur",portion,125
27018,"Pangas, poisson-chat, machoiron, cuit",portion,125
27030,"Bar commun ou loup, rôti/cuit au four",portion,125
27031,"Dorade royale ou daurade ou vraie daurade, rôtie/cuite au four",portion,125
25991,"Mahi-mahi, chair, cru",portion,150
26001,"Bar rayé ou bar d'Amérique, cru",portion,150
26006,"Lieu ou colin d'Alaska, cru",portion,150
26009,"Flétan de l'Atlantique ou flétan, cru",portion,150
26011,"Hareng, cru",portion,150
26018,"Lotte ou baudroie, crue",portion,150
26036,"Saumon, élevage, cru",portion,150
26042,"Turbot, sauvage, cru",portion,150
26043,"Cabillaud, cru",portion,150
26044,"Merlu, cru",portion,150
26047,"Lieu noir, surgelé, cru",portion,150
26048,"Merlu, filet, surgelé, cru",portion,150
26051,"Maquereau, cru",portion,150
26052,"Raie, crue",portion,150
26053,"Thon, cru",portion,150
26055,"Carrelet ou plie ou plie commune, cru",portion,150
26057,"Limande, crue",portion,150
26058,"Sole, crue",portion,150
26063,"Rascasse ou rascasse de profondeur, crue",portion,150
26064,"Thon albacore, cru",portion,150
26065,"Sardine, crue",pièce,45
26068,"Thon listao ou bonite à ventre rayé, cru",portion,150
26069,"Thon rouge, cru",portion,150
26072,"Bar commun ou loup, cru",portion,150
26074,"Roussette ou petite roussette ou saumonette, crue",portion,150
26075,"Loup de l'Atlantique, cru",portion,150
26076,"Thon germon ou thon blanc, cru",portion,150
26079,"Anchois, cru",portion,100
26080,"Dorade royale ou daurade ou vraie daurade, sauvage, crue",portion,150
26082,"Espadon, cru",portion,150
26083,"Éperlan, cru",portion,100
26084,"Cardine franche, crue",portion,150
26085,"Rouget-barbet de roche, cru",portion,150
26088,"Dorade royale ou daurade ou vraie daurade, élevage, crue",portion,150
26091,"Mulet, cru",portion,150
26092,"Truite de mer, crue",portion,150
26095,"Merlan, cru",portion,150
26099,"Dorade grise ou daurade grise, ou griset, crue",portion,150
26100,"Bogue, crue",portion,150
26101,"Bonite ou bonite à dos rayé, crue",portion,150
26102,"Maquereau espagnol ou maquereau blanc ou billard, cru",portion,150
26103,"Denté ou denté commun, cru",portion,150
26104,"Saint-Pierre, cru",portion,150
26107,"Corb, cru",portion,150
26109,"Dorade rose ou daurade rose ou pageot rose, crue",portion,150
26110,"Rouget-barbet de roche, vapeur",portion,150
26111,"Saupe, crue",portion,150
26113,"Chinchard, cru",portion,150
26122,"Églefin, cru",portion,150
26125,"Cabillaud ou morue du Pacifique, cru",portion,150
26127,"Congre ou congre commun, cru",portion,150
26128,"Grenadier (de roche), cru",portion,150
26129,"Lieu jaune ou colin, cru",portion,150
26130,"Julienne ou lingue, crue",portion,150
26133,"Tacaud, cru",portion,150
26134,"Lieu noir, cru",portion,150
26135,"Limande-sole, crue",portion,150
26141,"Foie de morue, cru",portion,30
26146,"Vivaneau, cru",portion,150
26153,"Sabre, cru",portion,150
26154,"Flétan du Groënland ou flétan noir ou flétan commun, cru",portion,150
26157,"Carangue, cru",portion,150
26159,"Coulirou, cru",portion,150
26161,"Saumon, sauvage, cru",portion,150
26162,"Requin, cru",portion,150
26166,"Orphie commune, crue",portion,150
26168,"Lompe, crue",portion,150
26170,"Brème, cru",portion,150
26171,"Omble chevalier, cru",portion,150
26172,"Loup tacheté, cru",portion,150
26173,"Sprat, cru",portion,100
26174,"Turbot, cru",portion,150
26175,"Corégone lavaret ou lavaret, cru",portion,150
26178,"Mérou, cru",portion,150
26194,"Lingue bleue, crue",portion,150
26200,"Sole tropicale ou sole-langue, crue",portion,150
26201,"Turbot, élevage, cru",portion,150
26205,"Bar commun ou loup (Méditerranée), sauvage, cru",portion,150
26206,"Bar commun ou loup (Méditerranée), élevage, cru",portion,150
26208,"Baudroie rousse ou Lotte, crue",portion,150
26210,"Sébaste du nord ou grand sébaste, ou dorade sébaste, ou daurade sébaste, crue",portion,150
26213,"Hoki, tout lieu de pêche, cru",portion,150
26214,"Hoki de Nouvelle-Zélande, cru",portion,150
26219,"Grondin perlon, cru",portion,150
26223,"Saumon argenté du Pacifique (coho), cru",portion,150
26233,"Merlu blanc du Cap, surgelé, cru",portion,150
26235,"Chinchard maigre, cru",portion,150
26236,"Chinchard gras, cru",portion,150
26237,"Hareng maigre, cru",portion,150
26238,"Hareng gras, cru",portion,150
26240,"Joëls (petits poissons entiers) pour friture, crus",portion,100
26244,"Rouget-barbet, filet avec peau, surgelé, cru (Thaïlande,Vietnam, Sénégal…)",portion,150
27003,"Carpe,  élevage, crue",portion,150
27008,"Truite ou truite fario, élevage, crue",portion,150
27009,"Truite arc en ciel, élevage, crue",portion,150
27010,"Perche ou perche européenne, crue",portion,150
27011,"Brochet, cru",portion,150
27012,"Esturgeon d’Europe occidentale, cru",portion,150
27016,"Anguille, crue",portion,150
27017,"Pangas, poisson-chat, machoiron, cru",portion,150
27019,"Tilapia, cru",portion,150
27021,"Truite saumonée, crue",portion,150
27023,"Lotte de rivière, crue",portion,150
27024,"Sandre, cru",portion,150
27025,"Perche du Nil, crue",portion,150
10000,"Bigorneau, cuit",portion,50
10004,"Coquille Saint-Jacques, noix et corail, cuite",pièce,30
10006,"Crevette grise, cuite",portion,50
10007,"Crevette, cuite",portion,100
10009,"Homard, bouilli/cuit à l'eau",pièce,150
10013,"Moule, bouillie/cuite à l'eau",portion,150
10020,"Bulot ou buccin, cuit",pièce,6
10022,"Langouste, bouillie/cuite à l'eau",pièce,200
10025,"Crabe ou tourteau, bouilli/cuit à l'eau",pièce,150
10027,"Clam, praire ou palourde, bouilli/cuit à l'eau",pièce,5
10031,"Écrevisse, cuite",pièce,4
10033,"Crevette bouquet, sauvage, cuite",pièce,4
10034,"Coque, cuite",portion,50
10037,"Calmar ou calamar ou encornet, bouilli/cuit à l'eau",portion,150
10043,Fruits de mer (aliment moyen),portion,150
10044,"Langoustine, bouillie/cuite à l'eau",pièce,15
10057,"Araignée de mer, bouillie/cuite à l'eau",pièce,150
10061,"Crevette blanche ou crevette tropicale (rose), élevage, cuite",pièce,12
10062,"Crevette tropicale (tigrée), élevage, cuite",pièce,12
10064,"Crevette tropicale (rose), cuite (Penaeus brasiliensis)",pièce,12
10079,"Poulpe, cuit",portion,150
10080,"Fruits de mer, mélange ou cocktail, surgelés, cuits",portion,150
10084,"Calmar ou calamar ou encornet, frit ou poêlé avec matière grasse",portion,150
10101,"Crevette, élevage, cuite (aliment moyen)",portion,100
34501,"Grenouille, cuisse, grillée/poêlée",cuisse,12
10001,"Calmar ou calamar ou encornet, cru",portion,150
10003,"Coquille Saint-Jacques, noix et corail, crue",pièce,30
10008,"Escargot, cru",pièce,5
10010,"Homard, cru",pièce,150
10011,"Huître, sans précision, crue",pièce,15
10014,"Moule commune, crue",portion,150
10015,"Langouste, crue",pièce,200
10016,"Seiche, crue",portion,150
10017,"Clam, praire ou palourde, cru",pièce,5
10018,"Poulpe, cru",portion,150
10019,"Bulot ou buccin, cru",pièce,6
10021,"Crevette, crue",portion,100
10024,"Langoustine, crue",pièce,15
10026,"Moule de Méditerranée, crue",portion,150
10030,"Écrevisse, crue",pièce,4
10035,"Huître creuse, crue",pièce,15
10036,"Huître plate, crue",pièce,15
10038,"Crevette, surgelée, crue",portion,100
10039,"Crabe, cru",pièce,150
10041,"Ormeau, cru",pièce,40
10045,"Coquille Saint-Jacques, noix, crue",pièce,25
10048,"Pecten d'Amérique ou peigne du Canada, noix, crue",pièce,12
10074,"Bigorneau, cru",portion,50
34500,"Grenouille, cuisse, crue",cuisse,12
8080,"Rillettes de poisson, préemballées",cuillère à soupe,20
8081,"Rillettes de saumon, préemballées",cuillère à soupe,20
8082,"Rillettes de thon, préemballées",cuillère à soupe,20
8291,"Terrine de poisson, préemballée",tranche,50
8292,"Terrine de fruits de mer (par ex. de Saint-Jacques), avec ou sans poisson, préemballée",tranche,50
8293,"Tarama, aux oeufs de cabillaud, préemballé",cuillère à soupe,20
10002,"Calmar ou calamar ou encornet, à la romaine (beignet), préemballé",pièce,12
10005,"Crabe, miettes et ou pattes décortiquées, appertisé, égoutté",portion,60
10012,"Langoustine, panée, frite",pièce,20
10023,Beignet de crevette,pièce,20
10028,"Moules, au naturel, appertisées, égouttées",portion,80
10042,"Escargot en sauce au beurre persillé, préemballé, cuit",pièce,8
25433,"Accra de poisson, préemballé",pièce,15
25537,"Carpaccio de saumon avec marinade, fait maison",portion,100
25994,"Maquereau, filet grillé, appertisé, en sauce, égoutté",boîte,110
25998,"Hareng fumé, doux",filet,60
26002,"Carrelet ou plie ou plie commune, pané, frit",filet,100
26004,"Oeufs de lompe ou oeufs de lump, semi-conserve",cuillère à café,5
26005,"Caviar, semi-conserve",cuillère à café,5
26010,"Hareng mariné ou rollmops, préemballé",pièce,60
26013,"Hareng fumé, au naturel",filet,60
26016,"Limande-sole, panée, frite",filet,100
26027,"Pilchard, sauce tomate, appertisé, égoutté",boîte,150
26028,"Nuggets ou croquette panée de poisson, préemballé",pièce,20
26029,"Poisson pané, surgelé, cru",bâtonnet,25
26030,"Poisson pané, frit",bâtonnet,25
26034,"Sardine, à l'huile, appertisée, égouttée",boîte,95
26035,"Sardine, sauce tomate, appertisée, égouttée",boîte,95
26037,Saumon fumé,tranche,25
26039,"Thon, au naturel, appertisé, égoutté",boîte,105
26040,"Sardine, à l'huile d'olive, appertisée, égouttée",boîte,95
26046,"Surimi, bâtonnets, tranche ou râpé saveur crabe",bâtonnet,15
26056,"Oeufs de cabillaud, fumés, semi-conserve",cuillère à café,5
26077,"Thon germon ou thon blanc, cuit à la vapeur sous pression",portion,125
26086,"Maquereau, filet sauce tomate, appertisé, égoutté",boîte,110
26087,"Maquereau, fumé",filet,100
26090,Haddock (fumé) ou églefin fumé,portion,125
26096,"Maquereau, filet sauce moutarde, appertisé, égoutté",boîte,110
26097,"Maquereau, filet au vin blanc, appertisé, égoutté",boîte,110
26098,"Morue, salée, sèche",portion,100
26119,"Saumon, appertisé, égoutté",boîte,150
26123,"Maquereau, filet (grillé ou non), au naturel, appertisé, égoutté",boîte,110
26124,"Merlan, pané",filet,100
26142,"Foie de morue, appertisé, égoutté",cuillère à soupe,15
26151,"Oeufs de truite, semi-conserve",cuillère à café,5
26177,"Anchois, filets, salés, à l'huile, semi-conserve, égouttés",filet,4
26179,"Thon germon ou thon blanc, à l'huile d'olive, appertisé, égoutté",boîte,105
26180,"Thon à l'huile de tournesol, entier, appertisé, égoutté",boîte,105
26181,"Thon albacore, au naturel, appertisé, égoutté",boîte,105
26186,"Maquereau, mariné",filet,60
26231,"Sardine, filets sans arêtes à l'huile d'olive, appertisés, égouttés",boîte,70
26232,"Hareng fumé, à l'huile",filet,60
26239,"Surimi, fourré au fromage frais",pièce,20
26245,"Thon à l'huile de tournesol, miettes, appertisées, égouttées",boîte,105
26275,"Oeufs de saumon du Pacifique, semi-conserve",cuillère à café,5
26692,"Anchois, filets, marinés à l'orientale (huile, piments…), semi-conserve, égouttés",filet,4
26700,"Anchois, filets, marinés, semi-conserve, égouttés (aliment moyen)",filet,4
27029,"Truite, élevage, fumée",tranche,25
22008,"Oeuf, blanc (blanc d'oeuf), cuit",blanc,33
22009,"Oeuf, jaune (jaune d'oeuf), cuit",jaune,17
22010,Oeuf dur,œuf,50
22011,Oeuf poché,œuf,50
22014,Oeuf à la coque,œuf,50
22502,"Oeuf brouillé, avec matière grasse",portion,110
22505,"Oeuf au plat, sans matière grasse",œuf,50
22000,Oeuf cru,œuf,50
22001,"Oeuf, blanc (blanc d'oeuf), cru",blanc,33
22002,"Oeuf, jaune (jaune d'oeuf), cru",jaune,17
22050,"Oeuf de caille, cru",œuf,9
22060,"Oeuf de cane, cru",œuf,65
22070,"Oeuf d'oie, cru",œuf,150
22080,"Oeuf de dinde, cru",œuf,70
22003,"Oeuf, jaune (jaune d'oeuf), en poudre",cuillère à soupe,6
22004,"Oeuf, blanc (blanc d'oeuf), en poudre",cuillère à soupe,6
22013,"Oeuf, en poudre",œuf (équivalent),12
22500,"Omelette nature, faite maison",portion,130
22506,"Omelette au fromage, faite maison",portion,130
22507,"Omelette aux lardons, faite maison",portion,130
22508,"Omelette aux champignons, faite maison",portion,130
22509,"Omelette à la ciboulette, faite maison",portion,130
22510,"Tortilla espagnole aux oignons (omelette aux pommes de terre et oignons), préemballée",part,100
22511,"Omelette, garnitures diverses : légumes, fromages, viandes... (aliment moyen)",portion,130
19000,"Lait de grand mélange, en vrac",verre,200
19010,"Lait entier, cru",verre,200
19016,Lait entier (aliment moyen),verre,200
19023,"Lait entier, UHT",verre,200
19024,"Lait entier, pasteurisé",verre,200
19033,Lait demi-écrémé (aliment moyen),verre,200
19037,"Lait demi-écrémé, UHT, enrichi en vitamine D",verre,200
19038,"Lait à 1,2% MG, UHT, enrichi en vitamines",verre,200
19039,"Lait, sans précision sur la teneur en matière grasse, UHT (aliment moyen)",verre,200
19041,"Lait demi-écrémé, UHT",verre,200
19042,"Lait demi-écrémé, pasteurisé",verre,200
19050,"Lait écrémé, UHT",verre,200
19051,"Lait écrémé, pasteurisé",verre,200
19060,"Lait demi-écrémé (ou à teneur en matière grasse légèrement inférieure), UHT,  à teneur réduite en lactose",verre,200
19200,"Lait de chèvre, entier, UHT",verre,200
19201,"Lait de chèvre, demi-écrémé, UHT",verre,200
19202,"Lait de chèvre, entier, cru",verre,200
19225,"Lait de jument, entier",verre,200
19250,"Lait de brebis, entier",verre,200
19270,"Lait de bufflesse, entier",verre,200
19021,"Lait en poudre, entier",cuillère à soupe,6
19026,"Lait concentré sans sucres ajoutés, entier",cuillère à soupe,15
19027,"Lait concentré sucré, entier",cuillère à soupe,20
19044,"Lait en poudre, demi-écrémé",cuillère à soupe,6
19054,"Lait en poudre, écrémé",cuillère à soupe,6
19508,"Lait fermenté ou yaourt à boire, aromatisé, sucré",verre,200
19516,"Lait fermenté à boire, aromatisé, sucré, au L Casei",bouteille,100
19534,"Lait fermenté ou yaourt à boire, aromatisé, sucré, enrichi en vitamine D",verre,200
19535,"Lait fermenté ou yaourt à boire, aux fruits, sucré",verre,200
19536,"Lait fermenté ou yaourt à boire, aux fruits, sucré, enrichi en vitamine D",verre,200
19538,"Lait fermenté à boire, nature, sucré, au L Casei",bouteille,100
19539,"Lait fermenté type yaourt au bifidus, aromatisé, sucré",pot,125
19541,"Lait fermenté type yaourt au bifidus, aux fruits, 0% MG, avec édulcorants",pot,125
19542,"Lait fermenté type yaourt au bifidus, aux fruits, sucré",pot,125
19543,"Lait fermenté type yaourt aux esters de stérol, aux fruits, 0% MG, avec édulcorants",pot,125
19544,"Lait fermenté type yaourt au bifidus, nature, 0% MG",pot,125
19546,"Lait fermenté type yaourt au bifidus, nature",pot,125
19550,"Yaourt à la grecque nature, au lait de brebis",pot,150
19551,"Lait fermenté à boire, aromatisé, sucré,  enrichi en vitamine D, au L Casei",bouteille,100
19552,"Yaourt à la grecque sur lit de fruits, sucré",pot,150
19553,"Yaourt au lait de brebis, aromatisé, sucré",pot,125
19554,"Yaourt au lait de brebis, nature, 3% MG environ",pot,125
19555,"Yaourt au lait de brebis, sur lit de fruits, sucré",pot,125
19556,"Yaourt au lait de chèvre, nature",pot,125
19557,"Yaourt ou lait fermenté, sur lit de fruits, sucré",pot,125
19559,"Yaourt ou lait fermenté, aromatisé, 0% MG, avec édulcorants",pot,125
19574,"Yaourt ou lait fermenté, aromatisé, 0% MG, avec édulcorants, enrichi en vitamine D",pot,125
19575,"Yaourt ou lait fermenté, aromatisé, sucré",pot,125
19577,"Yaourt ou lait fermenté, aromatisé, à la crème, sucré",pot,125
19578,"Yaourt ou lait fermenté, aromatisé, sucré, enrichi en vitamine D",pot,125
19579,"Yaourt ou lait fermenté, aux céréales",pot,125
19580,"Yaourt ou lait fermenté, aux copeaux de chocolat, à la crème, sucré",pot,125
19581,"Yaourt ou lait fermenté, aux fruits, 0% MG, avec édulcorants",pot,125
19582,"Yaourt ou lait fermenté, aux fruits, 0% MG, avec édulcorants, enrichi en vitamine D",pot,125
19587,"Yaourt ou lait fermenté, aux fruits, sucré",pot,125
19589,"Yaourt ou lait fermenté, aux fruits, à la crème, sucré",pot,125
19592,"Yaourt ou lait fermenté, aux fruits, sucré, enrichi en vitamine D",pot,125
19593,"Yaourt ou lait fermenté, nature",pot,125
19594,"Yaourt ou lait fermenté, nature, 0% MG",pot,125
19596,"Yaourt ou lait fermenté, nature, 0% MG, enrichi en vitamine D",pot,125
19598,"Yaourt ou lait fermenté, nature, à la crème",pot,125
19599,"Yaourt ou lait fermenté, nature, sucré",pot,125
19600,"Yaourt ou lait fermenté, nature, sans précision sur teneur en matière grasse et sucre (aliment moyen)",pot,125
19624,"Yaourt ou lait fermenté, nature ou aux fruits (aliment moyen)",pot,125
19628,"Yaourt ou lait fermenté, aux fruits (aliment moyen)",pot,125
19669,"Spécialité laitière riche en protéines, sur lit de fruits, sucrée",pot,150
19671,"Yaourt ou lait fermenté, aromatisé ou aux fruits, 0% MG (aliment moyen)",pot,125
19672,"Yaourt ou lait fermenté, aromatisé ou aux fruits, non allégé en matière grasse (aliment moyen)",pot,125
19675,"Yaourt ou lait fermenté, aromatisé ou aux fruits, avec édulcorants (aliment moyen)",pot,125
19676,"Yaourt ou lait fermenté, aromatisé ou aux fruits, sucré (aliment moyen)",pot,125
19677,"Yaourt ou lait fermenté, aromatisé ou aux fruits, non allégé en matière grasse, sucré (aliment moyen)",pot,125
19682,"Yaourt ou lait fermenté, aromatisé ou aux fruits (aliment moyen)",pot,125
19723,"Yaourt ou lait fermenté, nature, enrichi en vitamine D",pot,125
19724,"Spécialité laitière riche en protéines, nature",pot,150
19726,"Yaourt ou lait fermenté, nature, sucré, enrichi en vitamine D",pot,125
19727,"Yaourt au lait de chèvre, aux fruits, sucré",pot,125
19728,"Yaourt au lait de chèvre, sur lit de fruits, sucré",pot,125
19801,"Lait fermenté à boire ou lait ribot, nature, maigre",verre,200
19805,"Lait fermenté à boire ou lait ribot, nature, au lait entier",verre,200
19860,Yaourt à la grecque nature,pot,150
19862,"Yaourt à la grecque aromatisé, sucré",pot,150
19865,Kéfir de lait,verre,200
19882,"Yaourt au lait de brebis, nature, 6% MG environ",pot,125
19501,"Fromage blanc, nature ou aux fruits (aliment moyen)",pot,100
19572,"Fromage frais type petit suisse, aromatisé chocolat, sucré",pot,60
19639,"Faisselle, 0% MG",pot,100
19641,"Faisselle, 6% MG environ",pot,100
19643,"Fromage blanc et crème fouettée, sur lit de fruits, sucré",pot,100
19644,"Fromage blanc, nature, 0% MG",pot,100
19645,"Fromage blanc, nature, 0% MG, enrichi en vitamine D",pot,100
19646,"Fromage blanc, nature, 2-3% MG",pot,100
19648,"Fromage blanc, nature, 2-3% MG, enrichi en vitamine D",pot,100
19650,"Fromage blanc et crème fouettée, nature",pot,100
19656,"Fromage blanc ou spécialité laitière, aux fruits, 0% MG, sucré",pot,100
19657,"Fromage blanc ou spécialité laitière, aux fruits, 2-3% MG, sucré",pot,100
19659,"Fromage blanc ou spécialité laitière, aux fruits, 6-7% MG, sucré",pot,100
19663,"Fromage frais type petit suisse, nature, 0% MG",pot,60
19664,"Fromage frais type petit suisse, nature, 4% MG environ",pot,60
19665,"Mousse de fromage blanc sur lit de fruits, 0% MG, avec édulcorants, enrichie en calcium et vitamine D",pot,100
19666,"Fromage frais type petit suisse, nature, 10% MG environ",pot,60
19691,"Fromage blanc ou spécialité laitière, aux fruits, 0% MG, avec édulcorants, sucré, enrichi en vitamine D",pot,100
19697,"Fromage blanc ou spécialité laitière, aromatisé, 0% MG, avec édulcorants, sucré, enrichi en vitamine D",pot,100
19707,"Fromage blanc ou spécialité laitière, sur lit de fruits, 0% MG, avec édulcorants, sucré, enrichi en vitamine D",pot,100
19708,"Fromage blanc ou spécialité laitière, sur lit de fruits, 0% MG, avec édulcorants, sans sucres ajoutés, enrichi en vitamine D",pot,100
19711,"Fromage blanc, nature, 7-8% MG",pot,100
19712,"Fromage blanc, nature, au lait de brebis, 5% MG environ",pot,100
19714,"Fromage blanc ou spécialité laitière, aromatisé, 0% MG, sucré",pot,100
19715,"Fromage blanc ou spécialité laitière, aromatisé, 2-3% MG, sucré",pot,100
19718,"Fromage blanc ou spécialité laitière, aromatisé, 7-8% MG, sucré",pot,100
19719,"Fromage frais type petit suisse, aux fruits, 2-3% MG, sucré",pot,60
19720,"Fromage frais type petit suisse, aux fruits, 2-3% MG, sucré, enrichi en vitamine D",pot,60
19721,"Fromage frais type petit suisse, aromatisé, 2-3% MG, sucré",pot,60
19722,"Fromage frais type petit suisse, aromatisé, 2-3% MG, sucré, enrichi en vitamine D",pot,60
19725,"Fromage blanc ou spécialité laitière, sur lit de fruits, 0% MG, sucré",pot,100
19673,"Crème dessert, allégée en matière grasse, rayon frais",pot,100
19674,"Flan aux oeufs, rayon frais",pot,100
19678,"Lait emprésuré aromatisé, rayon frais",pot,100
19679,"Lait gélifié aromatisé, nappé caramel, rayon frais",pot,100
19680,"Lait gélifié aromatisé, rayon frais",pot,100
19681,"Liégeois ou viennois (chocolat, café, caramel ou vanille), rayon frais",pot,100
19685,"Panna cotta, avec préparations de fruits ou caramel, rayon frais",pot,100
19686,"Spécialité laitière ou dessert lacté, aromatisé, à faible teneur en matière grasse, sucré, avec édulcorants, rayon frais",pot,100
23534,"Gâteau de semoule aux raisins et caramel, rayon frais",pot,100
23536,"Gâteau de riz au caramel, rayon frais",pot,100
39001,"Milkshake, de restauration rapide",gobelet,300
39200,"Crème dessert au chocolat, rayon frais",pot,100
39206,"Mousse au chocolat (base laitière), rayon frais",pot,60
39209,"Crème caramel, rayon frais",pot,100
39211,"Crème aux oeufs (petit pot de crème chocolat, vanille, etc.), rayon frais",pot,100
39212,"Riz au lait vanille, cannelle ou nature, rayon frais",pot,100
39213,"Crème brûlée, rayon frais",pot,100
39214,"Crème dessert à la vanille, appertisée",pot,100
39215,"Ile flottante, rayon frais",pot,100
39218,"Semoule au lait, rayon frais",pot,100
39229,"Crème dessert à la vanille, rayon frais",pot,100
39230,"Crème dessert, rayon frais (aliment moyen)",pot,100
39247,"Crème dessert au caramel, rayon frais",pot,100
39249,"Mousse aux fruits, au fromage frais, 0% MG, sucrée, avec édulcorants, enrichie en calcium, rayon frais",pot,100
39250,"Mousse aux fruits, au fromage frais, sucrée, rayon frais",pot,100
39505,"Crème dessert, appertisée (aliment moyen)",pot,100
39506,"Crème dessert au chocolat, appertisée",pot,100
39511,"Crème dessert, rayon frais ou appertisée (aliment moyen)",pot,100
19698,"Tiramisu au café, rayon frais",pot,90
19852,"Mousse à la crème de marrons, rayon frais",pot,60
39216,"Clafoutis aux fruits, rayon frais",part,100
39220,"Liégeois aux fruits, rayon frais",pot,100
39236,Pain perdu,tranche,70
39400,"Lait de poule, sans alcool",verre,200
39710,"Crème pâtissière instantanée, reconstituée",cuillère à soupe,20
19692,"Dessert au soja, aux fruits, sucré, enrichi en calcium, fermenté, rayon frais",pot,125
19693,"Dessert au soja, nature, sans sucres ajoutés, non enrichi, fermenté, rayon frais",pot,125
19694,"Dessert au soja, nature, sans sucres ajoutés, enrichi en calcium, fermenté, rayon frais",pot,125
19695,"Dessert au soja, aux fruits, sucré, non enrichi, fermenté, rayon frais",pot,125
19696,"Dessert au soja, aux amandes, sucré, enrichi en vitamines et minéraux, fermenté, rayon frais",pot,125
20911,"Dessert au soja, aromatisé, sucré, enrichi en calcium, rayon frais",pot,100
20921,"Dessert au soja, aromatisé, sucré, non enrichi, rayon frais",pot,100
20922,"Dessert végétal sans soja (amande, avoine, chanvre, coco, riz), aromatisé, sucré, non enrichi, rayon frais",pot,100
20923,"Dessert végétal sans soja (coco, riz), aux fruits, sucré, enrichi en calcium, fermenté, rayon frais",pot,125
20925,"Dessert au soja, aromatisé, sucré, enrichi en calcium et vitamine D, rayon frais",pot,100
20926,"Dessert au soja, aux fruits, sucré, enrichi en calcium et vitamine D, fermenté, rayon frais",pot,125
20928,"Dessert végétal sans soja, rayon frais (aliment moyen)",pot,100
20929,"Dessert au soja, rayon frais (aliment moyen)",pot,100
39248,"Mousse au chocolat végétale, rayon frais",pot,60
12999,Fromage (aliment moyen),portion,30
12001,"Camembert, sans précision sur le type de lait (pasteurisé ou cru)",portion,30
12004,"Fromage à pâte molle et croûte fleurie, allégé en matière grasse (type camembert)",portion,30
12006,Camembert au lait cru ou thermisé,portion,30
12007,Camembert au lait pasteurisé,portion,30
12008,"Fromage à pâte molle et croûte fleurie, double crème environ 30% MG",portion,30
12010,Coulommiers,portion,30
12015,"Fromage à pâte molle type carré ou brique, à croûte fleurie, non allégé en matière grasse",portion,30
12020,"Brie, sans précision",portion,30
12021,Brie de Meaux,portion,30
12022,Brie de Melun,portion,30
12025,Carré de l'Est,portion,30
12028,Chaource,portion,30
12031,Neufchâtel,portion,30
12033,"Fromage à pâte molle, triple crème, environ 38% MG",portion,30
12034,Fromage à pâte molle et croûte lavée (aliment moyen),portion,30
12035,"Fromage à pâte molle et croûte lavée, allégé en matière grasse",portion,30
12036,"Maroilles, sans précision",portion,30
12037,Livarot,portion,30
12038,Époisses,portion,30
12039,Munster,portion,30
12040,Langres,portion,30
12041,"Fromage à pâte molle et croûte lavée, non allégé en matière grasse",portion,30
12042,Pont l'Évêque,portion,30
12045,Reblochon,portion,30
12049,Saint-Marcellin,pièce,80
12050,Fromage à pâte molle et croûte mixte (lavée et fleurie) colorée,portion,30
12051,Mont d'or ou vacherin du Haut-Doubs (produit en France) ou vacherin-Mont d'Or (produit en Suisse),portion,30
12052,Saint-Félicien,portion,30
12053,Fromage pour tartiflette (pâte molle et croûte mixte),portion,30
12064,Boulette d'Avesne,portion,30
12762,Fromage de brebis corse à pâte molle,portion,30
12803,"Fromage de chèvre lactique affiné, type palet, crottin ou bûchette",portion,30
12807,Sainte-Maure de Touraine (fromage de chèvre),portion,30
12810,Fromage de chèvre demi-sec,portion,30
12812,Fromage de chèvre bûche,portion,30
12813,"Fromage de chèvre bûche, allégé en matière grasse",portion,30
12814,Fromage de chèvre à pâte molle non pressée non cuite et croûte naturelle,portion,30
12815,Fromage de chèvre sec,portion,30
12820,"Fromage de chèvre à pâte molle et croûte fleurie (type camembert, cabécou)",portion,30
12824,Fromage de brebis à pâte molle et croûte fleurie,portion,30
12830,Chabichou (fromage de chèvre),portion,30
12831,Pélardon (fromage de chèvre),pièce,60
12832,"Crottin de chèvre, au lait cru",pièce,60
12833,"Crottin de chèvre, sans précision sur le type de lait - pasteurisé ou cru -",pièce,60
12834,Crottin de Chavignol (fromage de chèvre),pièce,60
12836,Picodon (fromage de chèvre),pièce,60
12839,Pouligny Saint-Pierre (fromage de chèvre),portion,30
12842,Sainte-Maure (fromage de chèvre),portion,30
12845,Selles-sur-Cher (fromage de chèvre),portion,30
12846,Chevrot (fromage de chèvre),portion,30
12847,Rocamadour (fromage de chèvre),pièce,35
12848,Valençay (fromage de chèvre),portion,30
12500,Roquefort (fromage de brebis),portion,30
12520,"Fromage bleu au lait de vache, non allégé en matière grasse",portion,30
12521,Fromage bleu d'Auvergne,portion,30
12522,Fourme d'Ambert,portion,30
12523,Fromage bleu des Causses,portion,30
12524,Gorgonzola,portion,30
12526,Bleu de Gex ou fromage bleu du Haut-Jura ou bleu de Septmoncel,portion,30
12528,"Fromage bleu au lait de vache, allegé en matière grasse",portion,30
12100,Fromage à pâte pressée cuite (aliment moyen),portion,30
12105,Beaufort,portion,30
12109,Cantal jeune,portion,30
12110,Comté,portion,30
12112,Abondance,portion,30
12113,Gruyère IGP France,portion,30
12114,"Gruyère, sans précision (origine France ou Suisse)",portion,30
12115,Emmental ou emmenthal,portion,30
12116,"Fromage à pâte pressée cuite type emmental ou emmenthal, allégé en matière grasse",portion,30
12118,"Emmental ou emmenthal, râpé",cuillère à soupe,8
12119,Ossau-Iraty (fromage de brebis),portion,30
12120,Parmesan,cuillère à soupe,6
12121,Fontina,portion,30
12122,Pecorino (fromage de brebis),portion,30
12123,Grana Padano,cuillère à soupe,6
12705,"Fromage à pâte pressée non cuite type maasdam, allégé en matière grasse",portion,30
12716,Provolone,portion,30
12720,"Fromage à pâte pressée non cuite, enrobé de cire, non allégé en matière grasse",pièce,22
12721,"Fromage à pâte pressée non cuite, enrobé de cire, allégé en matière grasse",pièce,22
12722,Cantal entre-deux,portion,30
12724,Cantal,portion,30
12725,Salers,portion,30
12726,Cheddar,portion,30
12729,Edam,portion,30
12735,Mimolette jeune (moins de 6 mois d'affinage),portion,30
12736,Gouda,portion,30
12738,Mimolette vieille (12 mois d'affinage minimum),portion,30
12740,"Mimolette, sans précision",portion,30
12741,"Fromage à pâte pressée non cuite type maasdam, non allégé en matière grasse",portion,30
12743,Morbier,portion,30
12747,"Fromage de brebis à pâte pressée non cuite des Pyrénées, type tomme ou tome",portion,30
12749,Raclette (fromage),tranche,30
12752,"Saint-Nectaire, sans précision",portion,30
12755,Saint-Paulin (fromage à pâte pressée non cuite demi-ferme),portion,30
12758,Tomme ou tome de vache,portion,30
12760,"Tomme ou tome, allégée en matière grasse",portion,30
12761,Asiago,portion,30
12765,Raclette (fromage) fumée,tranche,30
12766,"Raclette (fromage), au poivre",tranche,30
12771,Tomme ou tome de Savoie,portion,30
12776,Raclette de Savoie (fromage),tranche,30
12816,Fromage à pâte pressée demi-cuite,portion,30
12300,Fromage fondu en tranchettes,tranche,20
12302,Spécialité fromagère fondue aromatisée en cubes pour l’apéritif (cubes de fromage fondu au lait de vache),cube,5
12303,"Fromage fondu en portion (triangle), non enrichi",portion,17
12304,"Fromage fondu en portion (triangle), enrichi en vitamines",portion,17
12305,"Fromage fondu, allégé en matière grasse",portion,20
12306,"Fromage blanc fondu en portion (carré), non enrichi en vitamines",portion,18
12307,"Fromage blanc fondu en portion (carré ou bâtonnet), enrichi en vitamines",portion,18
12311,Crème de camembert,cuillère à soupe,20
12325,Cancoillotte (spécialité fromagère fondue),cuillère à soupe,20
12355,Spécialité fromagère fondante au fromage blanc et aux noix,portion,20
12356,Snack pour enfants à base de fromage fondu et de gressins,pièce,35
12054,"Spécialité fromagère non affinée en coque, enrichie en vitamines",portion,30
12060,"Fromage type feta, au lait de vache 100%",portion,30
12061,"Fromage type feta, au lait de brebis 100%",portion,30
12063,"Fromage type feta, au lait de vache 100%, à l'huile et aux aromates",portion,30
12065,"Bouchée apéritive de fromage au lait de vache non affiné, fourrée ou enrobée",pièce,10
12066,"Feta, au lait de brebis 70% minimum et lait de chèvre 30% maximum",portion,30
12068,"Fromage frais ou spécialité fromagère non affinée, nature, à tartiner, en barquette, non allégée en matière grasse",portion,30
12069,"Fromage frais ou spécialité fromagère non affinée, nature, à tartiner, en barquette, allégée en matière grasse",portion,30
12070,"Fromage frais ou spécialité fromagère non affinée, ail et fines herbes, à tartiner, non allégée en matière grasse",portion,30
12071,Brousse (fromage de brebis frais au lactosérum),cuillère à soupe,20
12072,Burrata,pièce,125
12073,"Fromage frais ou spécialité fromagère non affinée, olives, figues et noix, etc (autre que ail et fines herbes), à tartiner, non allégée en matière grasse",portion,30
12111,Fromage à effilocher ou à dérouler,portion,30
12342,"Fromage frais ou spécialité fromagère non affinée, ail et fines herbes, à tartiner, allégée en matière grasse",portion,30
12805,"Fromage de chèvre frais, type palet, crottin ou bûchette",pièce,60
12819,"Fromage de chèvre à tartiner, nature",portion,30
12828,Fromage de lactosérum de brebis,cuillère à soupe,20
19584,Mascarpone,cuillère à soupe,20
19585,Ricotta,cuillère à soupe,20
19590,Mozzarella au lait de vache,boule,125
19591,"Mozzarella au lait de bufflonne ou buflesse (""di bufala"")",boule,125
1027,"Spécialité végétale type fromage à tartiner, au soja, préemballée",portion,30
1028,"Spécialité végétale type fromage, à la noix de cajou, préemballée",portion,30
1029,"Spécialité végétale type fromage en tranche ou râpé, sans soja, préemballée",tranche,20
19402,"Crème ou spécialité à base de crème légère, sans précision sur la teneur en matière grasse (aliment moyen)",cuillère à soupe,15
19403,"Crème ou spécialité à base de crème légère, sans précision sur la teneur en matière grasse, fluide (aliment moyen)",cuillère à soupe,15
19404,"Crème ou spécialité à base de crème légère, sans précision sur la teneur en matière grasse, épaisse ou semi-épaisse (aliment moyen)",cuillère à soupe,15
19410,"Crème 30% MG, épaisse, rayon frais",cuillère à soupe,15
19415,"Crème 30% MG, semi-épaisse, UHT",cuillère à soupe,15
19417,"Crème 30% MG, fluide, UHT",cuillère à soupe,15
19420,"Crème chantilly, sous pression, UHT",portion,15
19430,"Crème 12 à 25% MG, légère, semi-épaisse, UHT",cuillère à soupe,15
19431,"Crème 12 à 25% MG, légère, épaisse, rayon frais",cuillère à soupe,15
19433,"Spécialité à base de crème légère 4% MG environ, fluide ou épaisse",cuillère à soupe,15
19434,"Spécialité culinaire à base de crème et d'aromates 19% MG, à cuisiner",cuillère à soupe,15
19435,"Spécialité culinaire à base de crème légère et d'aromates 12% MG, à cuisiner",cuillère à soupe,15
19436,"Crème 12 à 20% MG, légère, fluide, rayon frais",cuillère à soupe,15
18009,"Eau minérale, embouteillée, faiblement minéralisée (aliment moyen)",verre,200
18044,Eau minérale (aliment moyen),verre,200
18045,"Eau minérale, embouteilée, plate (aliment moyen)",verre,200
18046,"Eau minérale, embouteilée, gazeuse (aliment moyen)",verre,200
18066,Eau du robinet,verre,200
18430,Eau de source gazeuse ou plate,verre,200
76000,"Eau minérale Abatilles, embouteillée, plate, faiblement minéralisée (Arcachon, 33)",verre,200
76001,"Eau minérale Aix-les-Bains, embouteillée, plate, faiblement minéralisée (Aix-les-Bains, 73)",verre,200
76002,"Eau minérale Aizac, embouteillée, gazeuse, faiblement minéralisée (Aizac, 07)",verre,200
76004,"Eau minérale Amanda, embouteillée, plate, riche en sels minéraux (St-Amand, 59)",verre,200
76006,"Eau minérale Arcens, embouteillée, gazeuse, moyennement minéralisée (Arcens, 07)",verre,200
76007,"Eau minérale Ardesy, embouteillée, gazeuse, riche en sels minéraux (Ardes, 63)",verre,200
76010,"Eau minérale Celtic, embouteillée, gazeuse ou plate, très faiblement minéralisée (Niederbronn, 67)",verre,200
76011,"Eau minérale Chambon, embouteillée, plate, faiblement minéralisée (Chambon, 45)",verre,200
76012,"Eau minérale Chantemerle, embouteillée, plate, faiblement minéralisée (Le Pestrin, 07)",verre,200
76013,"Eau minérale Chateauneuf, embouteillée, gazeuse, riche en sels minéraux (Chateauneuf, 63)",verre,200
76014,"Eau minérale Chateldon, embouteillée, gazeuse, riche en sels minéraux (Chateldon, 63)",verre,200
76015,"Eau minérale Clos de l'Abbaye, embouteillée, plate, moyennement minéralisée (St-Amand, 59)",verre,200
76016,"Eau minérale Contrex, embouteillée, plate, riche en sels minéraux (Contrexéville, 88)",verre,200
76017,"Eau minérale Dax, embouteillée, plate, moyennement minéralisée (Dax, 40)",verre,200
76018,"Eau minérale Didier, embouteillée, gazeuse, riche en sels minéraux (Martinique)",verre,200
76019,"Eau minérale Didier, embouteillée, plate, riche en sels minéraux (Martinique)",verre,200
76020,"Eau minérale Evian, embouteillée, plate, faiblement minéralisée (Evian, 74)",verre,200
76022,"Eau minérale Hépar, embouteillée, plate, riche en sels minéraux (Vittel, 88)",verre,200
76023,"Eau minérale Hydroxydase, embouteillée, gazeuse, riche en sels minéraux (Le Breuil sur Couze, 63)",verre,200
76024,"Eau minérale Vernière, embouteillée, gazeuse, moyennement minéralisée (Les Aires, 34)",verre,200
76025,"Eau minérale Luchon, embouteillée, plate, faiblement minéralisée (Luchon, 31)",verre,200
76027,"Eau minérale Mont-Roucous, embouteillée, plate, très faiblement minéralisée (Lacaune, 81)",verre,200
76029,"Eau minérale Orée du bois, embouteillée, plate, moyennement minéralisée (St-Amand, 59)",verre,200
76030,"Eau minérale Orezza, embouteillée, gazeuse, moyennement minéralisée (Rapaggio, 20B)",verre,200
76031,"Eau minérale Parot, embouteillée, gazeuse, moyennement minéralisée (St-Romain-le-Puy, 42)",verre,200
76032,"Eau minérale Plancoet, embouteillée, gazeuse ou plate, faiblement minéralisée (Plancoet, 22)",verre,200
76033,"Eau minérale Propiac, embouteillée, plate, riche en sels minéraux (Propiac, 26)",verre,200
76034,"Eau minérale Puits St-Georges, embouteillée, gazeuse, moyennement minéralisée (St-Romain-le-Puy, 42)",verre,200
76035,"Eau minérale Quézac, embouteillée, gazeuse, moyennement minéralisée (Quézac, 48)",verre,200
76036,"Eau minérale Reine des basaltes, embouteillée, gazeuse, moyennement minéralisée (Asperjoc, 07)",verre,200
76037,"Eau minérale Rozana, embouteillée, gazeuse, riche en sels minéraux (Beauregard, 63)",verre,200
76038,"Eau minérale Sail-les-Bains, embouteillée, plate, faiblement minéralisée (Sail-les-Bains, 42)",verre,200
76039,"Eau minérale Salvetat, embouteillée, gazeuse, moyennement minéralisée (La Salvetat, 34)",verre,200
76043,"Eau minérale St-Amand, embouteillée, gazeuse ou plate, moyennement minéralisée (St-Amand, 59)",verre,200
76044,"Eau minérale St-Antonin, embouteillée, plate, riche en sels minéraux (St-Antonin-Noble-Val, 82)",verre,200
76046,"Eau minérale St-Diéry, embouteillée, gazeuse, riche en sels minéraux (St-Diéry, 63)",verre,200
76047,"Eau minérale Ste-Marguerite, embouteillée, gazeuse, moyennement minéralisée (St-Maurice, 63)",verre,200
76049,"Eau minérale St-Yorre, embouteillée, gazeuse, riche en sels minéraux (Saint-Yorre, 03)",verre,200
76050,"Eau minérale Thonon, embouteillée, plate, faiblement minéralisée (Thonon, 74)",verre,200
76052,"Eau minérale Vals-Vivaraise, embouteillée, gazeuse, moyennement minéralisée (Vals, 07)",verre,200
76053,"Eau minérale Ventadour, embouteillée, gazeuse, faiblement minéralisée (Le Pestrin, 07)",verre,200
76054,"Eau minérale Vernet, embouteillée, gazeuse, faiblement minéralisée (Prades, 07)",verre,200
76055,"Eau minérale Vichy Célestins, embouteillée, gazeuse, riche en sels minéraux (Saint-Yorre, 03)",verre,200
76056,"Eau minérale Vittel, embouteillée, plate, moyennement minéralisée (Vittel, 88)",verre,200
76057,"Eau minérale Volvic, embouteillée, plate, faiblement minéralisée (Volvic, 63)",verre,200
76058,"Eau minérale Volvic active, embouteillée, gazeuse, faiblement minéralisée (Volvic, 63)",verre,200
76059,"Eau minérale Wattwiller, embouteillée, gazeuse ou plate, faiblement minéraliséee (Wattwiller, 68)",verre,200
76060,"Eau minérale Perrier, embouteillée, gazeuse, faiblement minéralisée (Vergèse, 30)",verre,200
76061,"Eau minérale Badoit, embouteillée, gazeuse, moyennement minéralisée (St-Galmier, 42)",verre,200
76062,"Eau minérale Avra, embouteillée, plate, faiblement minéralisée (Grèce)",verre,200
76063,"Eau minérale Beckerich, embouteillée, plate, faiblement minéralisée (Luxembourg)",verre,200
76065,"Eau minérale Chaudfontaine, embouteillée, plate, faiblement minéralisée (Belgique)",verre,200
76066,"Eau minérale Christinen Brunnen, embouteillée, plate, moyennement minéralisée (Allemagne)",verre,200
76067,"Eau minérale Courmayeur, embouteillée, plate, riche en sels minéraux (Italie)",verre,200
76069,"Eau minérale Levissima, embouteillée, plate, faiblement minéralisée (Italie)",verre,200
76070,"Eau minérale Luso, embouteillée, plate, très faiblement minéralisée (Portugal)",verre,200
76071,"Eau minérale Néro, embouteillée, plate, faiblement minéralisée (Grèce)",verre,200
76072,"Eau minérale Penacova, embouteillée, plate, très faiblement minéralisée (Portugal)",verre,200
76074,"Eau minérale San Bernardo, embouteillée, gazeuse ou plate, très faiblement minéralisée (Italie)",verre,200
76075,"Eau minérale San Pellegrino, embouteillée, gazeuse, moyennement minéralisée (Italie)",verre,200
76076,"Eau minérale Spa-Reine, embouteillée, gazeuse ou plate, moyennement minéralisée (Belgique)",verre,200
76078,"Eau minérale Valvert, embouteillée, plate, faiblement minéralisée (Belgique)",verre,200
76079,"Eau minérale Appollinaris, embouteillée, plate, riche en sels minéraux (Allemagne)",verre,200
76081,"Eau minérale Biovive, embouteillée, plate, faiblement minéralisée (Dax, 40)",verre,200
76082,"Eau minérale La Cairolle, embouteillée, plate, riche en sels minéraux (Les Aires, 34)",verre,200
76083,"Eau minérale Cilaos, embouteillée, gazeuse, riche en sels minéraux (Cilaos, 974)",verre,200
76085,"Eau minérale La Française, embouteillée, plate, riche en sels minéraux (Propiac, 26)",verre,200
76086,"Eau minérale Montcalm, embouteillée, plate, très faiblement minéralisée (Auzat, 09)",verre,200
76087,"Eau minérale Montclar, embouteillée, plate, faiblement minéralisée (Montclar, 04)",verre,200
76088,"Eau minérale Nessel, embouteillée, gazeuse, moyennement minéralisée (Soultzmatt, 68)",verre,200
76089,"Eau minérale Ogeu, embouteillée, gazeuse, faiblement minéralisée (Ogeu-les-Bains, 64)",verre,200
76090,"Eau minérale Ogeu, embouteillée, plate, faiblement minéralisée (Ogeu-les-Bains, 64)",verre,200
76091,"Eau minérale Prince Noir, embouteillée, plate, riche en sels minéraux (St-Antonin-Noble-Val, 82)",verre,200
76092,"Eau minérale St-Alban, embouteillée, gazeuse, moyennement minéralisée (St-Alban, 42)",verre,200
76093,"Eau minérale St-Géron, embouteillée, gazeuse, moyennement minéralisée (St-Géron, 43)",verre,200
76094,"Eau minérale St-Michel-de-Mourcairol, embouteillée, gazeuse, moyennement minéralisée (Les Aires, 34)",verre,200
76095,"Eau minérale Treignac, embouteillée, plate, très faiblement minéralisée (Treignac, 19)",verre,200
76096,"Eau minérale Vals, embouteillée, gazeuse, moyennement minéralisée (Vals-les-Bains, 07)",verre,200
76097,"Eau minérale Vauban, embouteillée, plate, moyennement minéralisée (St-Amand-les-Eaux, 59)",verre,200
76101,"Eau minérale Mont-Blanc, embouteillée, plate, faiblement minéralisée (Italie)",verre,200
76102,"Eau minérale Eden (La Goa), embouteillée, plate, faiblement minéralisée (Suisse)",verre,200
76103,"Eau minérale Velleminfroy, embouteillée, gazeuse ou plate, riche en sels minéraux (Chatenois, 70)",verre,200
2000,"Jus d'ananas, à base de concentré",verre,200
2002,"Jus multifruit, pur jus, multivitaminé",verre,200
2004,Jus de fruits (aliment moyen),verre,200
2006,"Jus de carotte, pur jus",verre,200
2007,"Jus de citron, fait maison",cuillère à soupe,15
2011,"Jus multifruit, base orange, multivitaminé",verre,200
2012,"Jus d'orange, à base de concentré",verre,200
2013,"Jus d'orange, frais",verre,200
2014,"Jus de pomme, à base de concentré",verre,200
2015,"Jus de pamplemousse (pomélo), à base de concentré",verre,200
2016,"Jus de raisin, pur jus",verre,200
2017,"Jus de grenade, pur jus",verre,200
2018,Jus de pruneau,verre,200
2019,"Jus de raisin, à base de concentré",verre,200
2023,"Jus de mangue, frais",verre,200
2024,"Jus de fruit de la passion ou maracudja, frais",verre,200
2025,"Jus de pamplemousse (pomélo), frais",verre,200
2026,"Jus de tomate, pur jus, salé à 3 g/L",verre,200
2027,"Jus de pamplemousse (pomelo), pur jus",verre,200
2028,"Jus de citron, pur jus",cuillère à soupe,15
2030,"Jus de citron vert, frais",cuillère à soupe,15
2031,"Jus de citron vert, pur jus",cuillère à soupe,15
2032,"Jus de tomate, pur jus, salé à 6 g/L",verre,200
2034,"Jus de clémentine ou mandarine, pur jus",verre,200
2035,"Jus multifruit, pur jus, standard",verre,200
2038,"Jus multifruit, base orange, standard",verre,200
2039,"Jus de grenade, frais",verre,200
2040,"Jus de cerise des Antilles ou d'acérola, frais",verre,200
2048,"Jus multifruit, base pomme, standard",verre,200
2050,"Jus multifruit, base pomme, multivitaminé",verre,200
2053,"Jus de tomate, pur jus (aliment moyen)",verre,200
2069,"Jus multifruit, à base de concentré, standard",verre,200
2070,"Jus d'orange, pur jus",verre,200
2072,"Jus de fruits, pur jus (aliment moyen)",verre,200
2073,"Jus d'ananas, pur jus",verre,200
2074,"Jus de pomme, pur jus",verre,200
2075,"Jus de légumes, pur jus (aliment moyen)",verre,200
2077,"Jus de fruits, à base de concentré (aliment moyen)",verre,200
2381,Jus de canneberge ou cranberry,verre,200
2500,"Smoothie, sans précision sur la teneur en fruits et les ingrédients autres que fruits",verre,250
2009,"Nectar multifruit, base pomme, standard",verre,200
2010,"Nectar multifruit, base pomme, multivitaminé",verre,200
2022,Nectar de fraise,verre,200
2043,Nectar d'abricot,verre,200
2045,Nectar de papaye,verre,200
2054,Nectar de poire,verre,200
2060,"Nectar multifruit, multivitaminé",verre,200
2061,"Nectar multifruit, standard",verre,200
2062,"Nectar multifruit, base orange, multivitaminé",verre,200
2063,"Nectar multifruit, base orange, standard",verre,200
2076,Nectar de pomme,verre,200
2365,Nectar de fruit de la passion ou maracuja,verre,200
2366,Nectar de banane,verre,200
2367,Nectar de goyave,verre,200
2370,Nectar de mangue,verre,200
2371,Nectar de pêche,verre,200
2374,Nectar d'ananas,verre,200
2375,Nectar d'orange,verre,200
18001,"Boisson gazeuse aromatisée, sans fruit, sans sucres ajoutés, avec édulcorants",verre,200
18010,"Limonade, sucrée",verre,200
18012,"Boisson à l'eau minérale ou de source, aromatisée, sucrée",verre,200
18018,"Cola, sucré",verre,200
18019,"Boisson gazeuse aux fruits (teneur en fruits >= 10% et < 50%), sucrée",verre,200
18025,"Kombucha, préemballé",verre,200
18026,"Boisson gazeuse aromatisée, sans fruit, sucrée",verre,200
18028,"Boisson à l'eau minérale ou de source, aromatisée, sans sucres ajoutés, sans édulcorants",verre,200
18029,Boisson rafraîchissante sans alcool (aliment moyen),verre,200
18035,"Limonade, sans sucres ajoutés, avec édulcorants",verre,200
18037,"Cola, sucré, avec édulcorants",verre,200
18048,"Boisson gazeuse aux fruits (teneur en jus non spécifiée), sucrée (aliment moyen)",verre,200
18049,"Boisson gazeuse aux fruits (teneur en fruits < 10%), sucrée",verre,200
18051,"Boisson gazeuse aux fruits (teneur en fruits >= 10% et < 50%), sans sucres ajoutés, avec édulcorants",verre,200
18057,"Boisson préparée à partir de boisson concentrée à diluer type menthe, fraise, etc, sans sucres ajoutés, avec édulcorants, type ""sirop 0%"", diluée dans l'eau",verre,200
18058,"Boisson préparée à partir de sirop à diluer type menthe, fraise, etc, sucré, dilué dans l'eau",verre,200
18060,"Cola, sans sucres ajoutés, avec édulcorants",verre,200
18062,"Boisson au thé, aromatisée, sans précision sur la teneur en sucres et édulcorants (aliment moyen)",verre,200
18063,"Cola, sans précision sur la teneur en sucres et édulcorants (aliment moyen)",verre,200
18065,"Boisson au thé, aromatisée, sans sucres ajoutés, avec édulcorants",verre,200
18067,"Cola, sucré, sans caféine",verre,200
18068,"Cola, sans sucres ajoutés, avec édulcorants, sans caféine",verre,200
18075,"Boisson au thé, aromatisée, sucrée",verre,200
18304,"Boisson plate aux fruits (teneur en fruits >= 10% et < 50%), à teneur réduite en sucres",verre,200
18309,"Boisson plate aux fruits (teneur en fruits non spécifiée), sucrée",verre,200
18315,Boisson plate au(x) fruits et au(x) légume(s),verre,200
18324,"Boisson énergisante, sans précision sur la teneur en sucres et édulcorants (aliment moyen)",canette,250
18325,"Boisson plate aux fruits (teneur en fruits non spécifiée), sans précision sur la teneur en sucres et édulcorants ni sur l'enrichissement (aliment moyen)",verre,200
18326,"Boisson à l'eau minérale ou de source, aromatisée, sans précision sur la teneur en sucres et édulcorants (aliment moyen)",verre,200
18327,"Limonade, sans précision sur la teneur en sucres et édulcorants (aliment moyen)",verre,200
18328,"Boisson préparée à partir de sirop ou de boisson concentrée à diluer type menthe, fraise, etc, diluée dans l'eau, sans précision sur la teneur en sucres et édulcorants (aliment moyen)",verre,200
18329,"Boisson gazeuse aromatisée, sans fruit, sans précision sur la teneur en sucres et édulcorants (aliment moyen)",verre,200
18339,"Boisson plate aux fruits (teneur en fruits >= 10% et < 50%), sucrée",verre,200
18340,"Boisson gazeuse aux fruits (teneur en fruits < 10%), sans sucres ajoutés, avec édulcorants",verre,200
18341,"Boisson gazeuse à la pomme (teneur en fruits >= 50%), sans sucres ajoutés",verre,200
18344,"Tonic ou bitter, sucré",verre,200
18348,"Boisson pour le sport, sucrée",verre,200
18349,"Boisson pour le sport, sucrée, avec édulcorants",verre,200
18352,"Boisson énergisante, sucrée",canette,250
18356,"Tonic ou bitter, sans précision sur la teneur en sucres et édulcorants (aliment moyen)",verre,200
18343,Boisson au(x) fruit(s) et au lait,verre,200
19114,"Boisson lactée aromatisée à la vanille, sucrée, au lait partiellement écrémé, enrichie en vitamine D",verre,200
19116,"Boisson lactée aromatisée au café, sucrée, au lait partiellement écrémé, enrichie en vitamine(s) et/ou minéraux",verre,200
19118,"Boisson lactée aromatisée au chocolat, sucrée, au lait partiellement écrémé, non enrichie",verre,200
19119,"Boisson lactée aromatisée au chocolat, sucrée, au lait partiellement écrémé, enrichie en vitamine(s) et/ou minéraux",verre,200
19120,"Boisson lactée aromatisée (sans précision sur l'arôme), sucrée, au lait partiellement écrémé, enrichie et/ou restaurée en vitamine(s) et/ou minéraux (aliment moyen)",verre,200
19127,"Boisson lactée aromatisée à la fraise, sucrée, au lait partiellement écrémé, enrichie en vitamine D",verre,200
18011,Eau de coco,verre,200
18107,"Boisson à l'amande, nature, sans sucres ajoutés, non enrichie, préemballée",verre,200
18110,"Boisson à l'amande, sucrée, enrichie en calcium, préemballée",verre,200
18111,"Boisson à l'amande, préemballée (aliment moyen)",verre,200
18112,"Boisson végétale, préemballée (aliment moyen)",verre,200
18113,"Boisson au soja, préemballée (aliment moyen)",verre,200
18899,"Boisson à l'avoine, nature, sans sucres ajoutés, non enrichie, préemballée",verre,200
18900,"Boisson au soja, nature, non enrichie, préemballée",verre,200
18901,"Boisson au soja, nature, enrichie en calcium, préemballée",verre,200
18902,"Boisson au soja, aromatisée, sucrée, non enrichie, préemballée",verre,200
18903,"Boisson au soja, aromatisée, sucrée, enrichie en calcium, préemballée",verre,200
18904,"Boisson au riz, nature, préemballée",verre,200
18906,"Boisson à la châtaigne, nature, préemballée",verre,200
18907,"Boisson à la noix de coco, nature, préemballée",verre,200
18004,"Café, non instantané, sans sucres ajoutés, prêt à boire",tasse,150
18020,"Thé infusé, sans sucres ajoutés",tasse,200
18022,"Tisane infusée ou infusion, sans sucres ajoutés",tasse,200
18070,"Café décaféiné, non instantané, sans sucres ajoutés, prêt à boire",tasse,150
18071,"Café expresso, non instantané, sans sucres ajoutés, prêt à boire",tasse,40
18072,"Café décaféiné, instantané, sans sucres ajoutés, prêt à boire",tasse,150
18073,"Café, instantané, sans sucres ajoutés, prêt à boire",tasse,150
18104,"Chocolat chaud, boisson instantanée, sucrée, prête à boire (reconstituée avec du lait demi-écrémé)",bol,250
18151,"Café au lait, café crème ou cappuccino, instantané ou non, sans sucres ajoutés, prêt à boire",tasse,200
18153,"Chicorée et café, instantané, sans sucres ajoutés, prête à boire (reconstituée avec du lait demi-écrémé)",tasse,200
18154,"Thé noir, infusé, sans sucres ajoutés",tasse,200
18155,"Thé vert, infusé, sans sucres ajoutés",tasse,200
18162,"Chicorée et café, instantané, sans sucres ajoutés, prête à boire (reconstituée avec de l'eau)",tasse,150
18003,"Café, moulu",dose,7
18005,"Café, poudre soluble",cuillère à café,2
18017,"Sirop à diluer, sucré",dose,20
18059,"Boisson concentrée à diluer, sans sucres ajoutés, avec édulcorants, type ""sirop 0%""",dose,20
18069,"Café, décaféiné, poudre soluble",cuillère à café,2
18076,"Thé, feuille",cuillère à café,2
18100,"Cacao, sans sucres ajoutés, poudre soluble",cuillère à soupe,6
18101,"Poudre cacaotée ou au chocolat pour boisson, sucrée",cuillère à soupe,7
18102,"Poudre maltée, cacaotée ou au chocolat pour boisson, sucrée, enrichie en vitamines et minéraux",cuillère à soupe,7
18150,"Chicorée et café, poudre soluble",cuillère à café,2
18152,"Chicorée, poudre soluble",cuillère à café,2
18167,"Poudre cacaotée ou au chocolat pour boisson, sucrée, enrichie en vitamines et minéraux",cuillère à soupe,7
18168,"Poudre cacaotée ou au chocolat pour boisson, sucrée, enrichie en vitamines",cuillère à soupe,7
18220,"Spécialité à diluer au citron pour boissons ou usages culinaires, sans sucres ajoutés",cuillère à soupe,15
1006,Vin doux,verre,100
5100,Pétillant de fruits,coupe,100
5201,Vin blanc mousseux,coupe,100
5207,Champagne,coupe,100
5209,Vin blanc mousseux aromatisé,coupe,100
5210,Vin (aliment moyen),verre,100
5214,Vin rouge,verre,100
5215,Vin blanc sec,verre,100
5216,Vin rosé,verre,100
5000,Bière brune,verre,250
5001,"Bière ""coeur de marché"" (4-5° alcool)",verre,250
5002,Bière forte (>8° alcool),verre,250
5003,Cidre (aliment moyen),verre,200
5006,Cidre brut,verre,200
5007,Cidre doux,verre,200
5008,Bière faiblement alcoolisée (3° alcool),verre,250
5009,Bière blanche,verre,250
5010,"Bière ""spéciale"" (5-6° alcool)",verre,250
5011,"Bière ""de spécialités"" ou d'abbaye, régionales ou d'une brasserie (degré d'alcool variable)",verre,250
5020,Cidre traditionnel,verre,200
5021,Cidre bouché demi-sec,verre,200
5022,Cidre aromatisé aux fruits,verre,200
5030,"Bière sans alcool (<1,2° alcool) et sans sucres ajoutés, aromatisée ou non",verre,250
1000,Pastis,verre,30
1001,Eau de vie de fruits,verre,30
1002,Gin,verre,30
1003,Liqueur,verre,30
1004,Rhum,verre,30
1005,Whisky,verre,30
1007,Apéritif à base de vin ou vermouth,verre,60
1008,Vodka,verre,30
1010,"Pastis, prêt à boire (1+ 5)",verre,150
1011,"Apéritif anisé sans alcool, à diluer",dose,20
1014,Alcool pur,cuillère à soupe,12
1015,Marsala,verre,60
1016,Marsala aux oeufs,verre,60
1021,Crème de cassis,verre,30
1023,Eau de vie de vin type armagnac ou cognac,verre,30
1026,Saké ou alcool de riz,verre,60
1012,Cocktail à base de rhum,verre,150
1013,Cocktail à base de whisky,verre,150
1017,"Sangria, faite maison",verre,150
1018,"Kir (vin blanc, crème de cassis)",verre,120
1019,"Kir royal (champagne, crème de cassis)",coupe,120
1022,"Cocktail type punch, 16% alcool, préemballé",verre,100
2008,Cocktail ou boisson apéritive sans alcool à base de jus de fruits et de sirop,verre,150
5004,Panaché (limonade et bière),verre,250
5005,"Panaché préemballé (<1° alc.), aromatisé ou non",verre,250
31008,Miel,cuillère à café,8
31016,Sucre blanc,morceau,5
31017,Sucre roux,cuillère à café,5
31034,Sirop d'érable,cuillère à soupe,20
31044,Sucre vanillé,sachet,7.5
31064,Édulcorant à la saccharine,comprimé,0.1
31067,Mélasse de canne,cuillère à soupe,20
31076,Edulcorant à base de sucre et aspartame (petits morceaux),morceau,2.5
31077,Fructose,cuillère à café,5
31087,Édulcorant à base d'extrait de stévia,cuillère à café,1
31000,Barre chocolatée biscuitée,barre,40
31001,Barre chocolatée non biscuitée enrobée,barre,50
31002,"Barre à la noix de coco, enrobée de chocolat",barre,50
31004,"Chocolat au lait, tablette",carré,5
31005,"Chocolat noir 50 % de cacao environ, tablette",carré,5
31009,"Chocolat au lait aux céréales croustillantes, tablette",carré,5
31010,"Chocolat blanc, tablette",carré,5
31012,Barre ou confiserie chocolatée au lait,barre,20
31018,"Chocolat au lait aux fruits secs (noisettes, amandes, raisins, praline), tablette",carré,5
31020,"Chocolat au lait sans sucres ajoutés, avec édulcorants, tablette",carré,5
31026,"Chocolat blanc aux fruits secs (noisettes, amandes, raisins, praliné) , tablette",carré,5
31030,"Chocolat noir sans sucres ajoutés, avec édulcorants, en tablette",carré,5
31032,Pâte à tartiner chocolat et noisette,cuillère à soupe,15
31041,Confiserie au chocolat dragéifiée,poignée,25
31042,Cacahuète enrobée de chocolat dragéifiée,poignée,25
31063,Bouchée chocolat fourrage fruits à coques et/ou praliné,pièce,12
31066,Rocher chocolat fourré praliné,pièce,12
31069,"Chocolat noir aux fruits (orange, framboise, poire), tablette",carré,5
31070,"Chocolat noir aux fruits secs (noisettes, amandes, raisins, praline), tablette",carré,5
31071,Barre chocolatée aux fruits secs,barre,40
31072,Chocolat noir fourrage confiseur à la menthe,pièce,10
31073,"Gâteau moelleux fourré au chocolat et au lait, enrobé de chocolat, préemballé, rayon frais",pièce,40
31074,"Chocolat noir 70 % de cacao environ, de dégustation, tablette",carré,5
31080,"Chocolat noir fourré praliné, tablette",carré,5
31084,"Chocolat au lait fourré au praliné, tablette",carré,5
31085,"Chocolat noir 40% de cacao et plus, à pâtisser, tablette",carré,5
31091,Bouchée/bonbon au chocolat fourrage gaufrettes ou biscuit,pièce,12
31098,Barre chocolat au lait avec nougat,barre,45
31120,"Chocolat, tablette (aliment moyen)",carré,5
15201,"Pâte d'amande, préemballée",portion,20
31007,"Chewing-gum, sucré",pièce,2
31014,Pâte de fruits,pièce,15
31021,Ecorce d'orange confite,cuillère à soupe,10
31023,Marron glacé,pièce,20
31027,Fruit confit,pièce,10
31036,Dragée amande,pièce,4
31050,Guimauve ou marshmallow,pièce,7
31054,"Chewing-gum, sans sucres",pièce,2
31059,Bonbon dur et sucette,bonbon,5
31060,Bonbon gélifié,bonbon,3
31081,"Bonbon tendre, au caramel",bonbon,7
31092,Calisson d'Aix en Provence,pièce,12
31094,"Bonbon dur, au caramel",bonbon,5
31097,Bonbon tendre,bonbon,5
31121,"Chewing-gum, sans précision sur la teneur en sucres (aliment moyen)",pièce,2
15013,"Crème de marron ou confiture de châtaigne, préemballée",cuillère à soupe,20
30887,"Confiture, autres fruits ou mélange de fruits, allégée en sucres (extra ou classique)",cuillère à soupe,20
30990,Confiture de mûre (extra ou classique),cuillère à soupe,20
30995,"Confiture de fraise, allégée en sucres",cuillère à soupe,20
30996,"Confiture d'abricot, allégée en sucres",cuillère à soupe,20
30999,"Confiture ou marmelade, tout type de fruits, sans précision sur la teneur en sucres (aliment moyen)",cuillère à soupe,20
31024,Confiture de fraise (extra ou classique),cuillère à soupe,20
31037,Confiture d'abricot (extra ou classique),cuillère à soupe,20
31038,Confiture de cerise (extra ou classique),cuillère à soupe,20
31039,Marmelade d'orange ou confiture d'orange (extra ou classique),cuillère à soupe,20
31040,Confiture de lait,cuillère à soupe,20
31062,Confiture de framboise (extra ou classique),cuillère à soupe,20
31068,Confiture de myrtille (extra ou classique),cuillère à soupe,20
31095,Gelée de groseille (extra ou classique),cuillère à soupe,20
7225,"Pain brioché ou viennois, artisanal",tranche,40
7600,Viennoiserie (aliment moyen),pièce,55
7603,"Croissant, sans précision (aliment moyen)",pièce,50
7615,"Croissant ordinaire, artisanal",pièce,50
7616,"Croissant ordinaire, préemballé",pièce,40
7619,"Croissant pur beurre, sans précision (aliment moyen)",pièce,50
7620,"Croissant pur beurre, artisanal",pièce,55
7621,"Croissant pur beurre, préemballé",pièce,40
7650,"Croissant aux amandes, artisanal",pièce,90
7710,"Pain au lait, artisanal",pièce,45
7711,"Pain au lait, préemballé",pièce,35
7712,"Pain au lait aux pépites de chocolat, préemballé",pièce,35
7719,"Panettone (brioche italienne aux raisins secs et écorces d'orange confite), préemballée",part,80
7720,"Pain aux raisins (viennoiserie), artisanal",pièce,90
7730,"Pain au chocolat, artisanal",pièce,65
7733,"Pain au chocolat, préemballé",pièce,45
7735,"Brioche (ou briochettes) aux pépites de chocolat ou fourrée au chocolat, préemballée",pièce,35
7738,"Brioche fourrée aux fruits, préemballée",pièce,40
7739,"Brioche fourrée crème pâtissière (type ""chinois""), préemballée",part,80
7740,"Brioche nature, préemballée",tranche,35
7742,"Brioche nature, artisanale",part,50
7745,"Brioche pur beurre (ex : gâche vendéenne) nature, préemballée",tranche,35
7746,"Brioche, sans précision (aliment moyen)",tranche,35
23467,Chouquette,pièce,7
23480,Chausson aux pommes,pièce,110
7355,"Galette de riz soufflé, nappée de chocolat",galette,17
7356,"Galette de maïs soufflé, nappée de chocolat",galette,15
7412,"Tartine craquante, extrudée et grillée, fourrée au chocolat",pièce,12
7413,"Tartine craquante, extrudée et grillée, fourrée aux fruits",pièce,12
24000,"Biscuit sec, sans précision",biscuit,8
24001,Biscuit sec nature,biscuit,8
24002,Biscuit sec à teneur garantie en vitamines,biscuit,8
24003,Biscuit sec à teneur garantie en vitamines et minéraux,biscuit,8
24004,"Biscuit sec aux fruits, hyposodé ou à teneur réduite en sel",biscuit,8
24006,"Biscuit sec au soja, enrichi en vitamines et minéraux",biscuit,8
24008,"Biscuit sec fourré aux fruits, allégé en matière grasse",biscuit,8
24009,Spéculoos,biscuit,7
24010,"Biscuit sec, avec matière grasse végétale",biscuit,8
24011,"Biscuit sec, assortiment",biscuit,8
24012,"Biscuit sec au chocolat, sans sucres ajoutés, avec édulcorants, enrichi en vitamines",biscuit,8
24013,"Biscuit sec, sans sucres ajoutés, avec édulcorant",biscuit,8
24014,Biscuit sec avec tablette de chocolat et fourrage au lait,biscuit,13
24015,Biscuit sec petit beurre,biscuit,8
24016,Biscuit sec avec tablette de chocolat,biscuit,13
24017,Biscuit sec petit beurre au chocolat (tablette ou pépites),biscuit,13
24020,Biscuit sec aux céréales complètes,biscuit,8
24021,Biscuit sec petit beurre au blé complet,biscuit,8
24028,"Biscuit sec au sésame, non enrichi",biscuit,8
24029,"Biscuit sec au sésame, enrichi en vitamines et minéraux",biscuit,8
24031,"Biscuit sec sans chocolat, allégé en matière grasse",biscuit,8
24034,"Biscuit sec pour petit déjeuner, sans chocolat, non enrichi",biscuit,12
24035,"Biscuit sec pour petit déjeuner, allégé en sucres",biscuit,12
24036,"Biscuit sec au chocolat, non enrichi",biscuit,8
24037,Biscuit sec fourré à la pâte ou purée de fruits (ex : figue),biscuit,16
24038,"Biscuit sec, sablé, nappé de chocolat",biscuit,8
24040,"Biscuit sec pour petit déjeuner, au chocolat, non enrichi",biscuit,12
24041,"Biscuit sec pour petit déjeuner, tous parfums, enrichi en vitamines et minéraux",biscuit,12
24042,"Biscuit sec au chocolat, enrichi en vitamines et minéraux",biscuit,8
24049,"Biscuit sec, sablé, galette ou palet, au beurre",biscuit,10
24051,"Biscuit (génoise), nappé de chocolat, type barquette",biscuit,13
24052,"Biscuit sec (tartelette), nappé au chocolat, préemballé",biscuit,13
24054,"Biscuit sec, sablé, galette ou palet, aux fruits",biscuit,10
24056,Florentin (biscuit sec au chocolat et aux amandes),biscuit,10
24071,"Sablé pâtissier, artisanal",biscuit,20
24224,"Biscuit au chocolat fourré (""sandwiché"") parfum vanille, rond, noir et blanc",biscuit,11
24225,"Goûter sec fourré (""sandwiché"") parfum lait ou vanille",biscuit,13
24230,"Goûter sec fourré (""sandwiché"") parfum chocolat, au blé complet",biscuit,13
24231,"Goûter sec fourré (""sandwiché"") parfum chocolat",biscuit,13
24240,"Goûter sec fourré (""sandwiché"") parfum fruits",biscuit,13
24300,"Gaufrette (éventail, cigarette…), sans fourrage",biscuit,7
24311,Gaufrette fourrée et/ou enrobée de chocolat,biscuit,7
24312,"Gaufrette fourrée, aux fruits à coque (noisette, amande, praliné, etc.), avec ou sans chocolat",biscuit,7
24313,"Gaufrette, fourrée vanille",biscuit,7
24320,"Gaufrette fourrée, aux fruits",biscuit,7
24430,Biscuit sec aux oeufs à la cuillère (cuiller) ou boudoir,biscuit,5
24441,"Biscuit sec, type langue de chat ou cigarette russe",biscuit,4
24520,Meringue,pièce,5
24615,"Biscuit sec fin ou tuile, aux amandes",biscuit,4
24659,"Biscuit sec feuilleté, type palmier ou autres, préemballé",biscuit,10
24660,"Biscuit sec feuilleté, type palmier ou autres, artisanal",biscuit,10
24676,"Cookie au chocolat et aux fruits à coque (noisettes, amandes, noix de pécan…), préemballé",biscuit,12
24678,"Biscuit (génoise), nappé aux fruits, type barquette",biscuit,13
24679,"Biscuit sec (tartelette), nappé aux fruits, préemballé",biscuit,13
24680,Biscuit moelleux fourré à l'orange et enrobé de sucre glace,biscuit,12
24684,"Cookie au chocolat, préemballé",biscuit,12
24686,"Biscuit (génoise), fourré aux fruits (ex : orange, cerise…), nappé de chocolat",biscuit,12
32000,"Grains de blé soufflés au miel ou caramel, enrichis en vitamines et minéraux",bol,40
32001,"Céréales pour petit déjeuner chocolatées, non fourrées, enrichies en vitamines et minéraux",bol,40
32003,Céréales pour petit déjeuner (aliment moyen),bol,40
32004,Muesli (aliment moyen),bol,45
32005,"Pétales de maïs nature, enrichis en vitamines et minéraux",bol,40
32006,"Riz soufflé nature, enrichi en vitamines et minéraux",bol,40
32008,"Céréales pour petit déjeuner riches en fibres, au chocolat, enrichies en vitamines et minéraux",bol,40
32012,"Riz soufflé chocolaté, non enrichi en vitamines et minéraux",bol,40
32013,"Céréales pour petit déjeuner chocolatées, non fourrées, non enrichies en vitamines et minéraux",bol,40
32014,"Pétales de maïs nature, non enrichis en vitamines et minéraux",bol,40
32016,"Céréales pour petit déjeuner fourrées au chocolat ou chocolat-noisettes, enrichies en vitamines et minéraux",bol,40
32017,"Céréales pour petit déjeuner fourrées au chocolat ou chocolat-noisettes, non enrichies en vitamines et minéraux",bol,40
32018,"Céréales pour petit déjeuner fourrées au lait ou à la vanille, enrichies en vitamines et minéraux",bol,40
32022,"Pétales de céréales au chocolat, avec ou sans fruits à coque, enrichis en vitamines et minéraux",bol,40
32023,"Pétales de céréales aux fruits, enrichis en vitamines et minéraux",bol,40
32025,"Pétales de céréales aux fruits à coque, enrichis en vitamines et minéraux",bol,40
32028,"Pétales de céréales au chocolat, avec ou sans fruits à coque, non enrichis en vitamines et minéraux",bol,40
32029,"Pétales de céréales aux fruits, non enrichis en vitamines et minéraux",bol,40
32030,"Pétales de céréales, nature, sucrées, enrichies en vitamines et minéraux",bol,40
32031,"Céréales pour petit déjeuner, enrichies en vitamines et minéraux (aliment moyen)",bol,40
32032,"Céréales pour petit déjeuner, non enrichies en vitamines et minéraux (aliment moyen)",bol,40
32033,"Céréales pour petit déjeuner riches en fibres, aux fruits ou fruits à coque, enrichies en vitamines et minéraux",bol,40
32035,"Céréales pour petit déjeuner riches en fibres, nature, enrichies en vitamines et minéraux",bol,40
32037,"Céréales pour petit déjeuner au chocolat et caramel, extrudées, enrichies en vitamines et minéraux",bol,40
32039,"Céréales pour petit déjeuner fourrées au lait ou à la vanille, non enrichies en vitamines et minéraux",bol,40
32042,"Pétales de céréales, nature, sucrées, non enrichies en vitamines et minéraux",bol,40
32107,"Pétales de maïs glacés au sucre, non enrichis en vitamines et minéraux",bol,40
32108,"Muesli croustillant aux fruits, avec ou sans fruits à coque et/ou graines, non enrichi en vitamines et minéraux",bol,45
32109,"Muesli croustillant au chocolat, non enrichi en vitamines et minéraux",bol,45
32110,"Muesli floconneux aux fruits, fruits à coque et/ou graines, enrichi en vitamines et minéraux",bol,45
32111,"Muesli croustillant aux fruits, avec ou sans fruits à coque et/ou graines, enrichi en vitamines et minéraux",bol,45
32112,"Muesli croustillant au chocolat, enrichi en vitamines et minéraux",bol,45
32113,"Muesli floconneux aux fruits, fruits à coque et/ou graines, sans sucres ajoutés, non enrichi",bol,45
32116,"Céréales pour petit déjeuner très riches en fibres, nature, enrichies en vitamines et minéraux",bol,40
32121,"Pétales de maïs glacés au sucre, enrichis en vitamines et minéraux",bol,40
32129,"Boules de maïs soufflées au miel, non enrichies en vitamines et minéraux",bol,40
32131,"Riz soufflé chocolaté, enrichi en vitamines et minéraux",bol,40
32133,"Boules de maïs soufflées au miel, enrichies en vitamines et minéraux",bol,40
32138,"Muesli floconneux aux fruits, fruits à coque et/ou graines, non enrichi en vitamines et minéraux",bol,45
32139,Muesli enrichi en vitamines et minéraux (aliment moyen),bol,45
32140,Flocons d'avoine,cuillère a soupe,15
32141,Muesli non enrichi en vitamines et minéraux (aliment moyen),bol,45
32142,"Céréales pour petit déjeuner au miel ou caramel, soufflées ou extrudées, enrichies en vitamines et minéraux",bol,40
32144,"Muesli croustillant aux fruits à coque et/ou graines uniquement, enrichi en vitamines et minéraux",bol,45
32145,"Muesli croustillant aux fruits à coque et/ou graines uniquement, non enrichi en vitamines et minéraux",bol,45
31100,"Barre céréalière pour petit déjeuner au lait, au chocolat ou non, enrichie en vitamines et minéraux",barre,25
31101,"Barre céréalière ""équilibre"" aux fruits, enrichie en vitamines et minéraux",barre,25
31102,"Barre céréalière ""équilibre"" au chocolat, enrichie en vitamines et minéraux",barre,25
31104,Barre céréalière diététique hypocalorique,barre,30
31106,Barre céréalière au chocolat,barre,25
31113,Barre céréalière aux fruits,barre,25
31114,Barre céréalière aux amandes ou noisettes,barre,25
23000,Gâteau (aliment moyen),part,80
23001,"Cheesecake, préemballé",part,100
23005,Gâteau Paris-Brest (pâte à choux crème mousseline praliné),part,100
23006,"Forêt noire, pâtisserie type génoise au chocolat et crème multi-couches, avec ou sans cerises",part,100
23007,"Gâteau mousse de fruits sur génoise, type miroir, bavarois",part,100
23008,Entremets type Opéra,part,100
23009,Fraisier ou framboisier,part,100
23021,"Baba au rhum, artisanal",pièce,90
23022,Canelé,pièce,50
23024,Macaron moelleux fourré à la confiture ou à la crème,pièce,30
23030,Bûche de Noël pâtissière,part,100
23031,"Brownie au chocolat et aux fruits à coques, préemballé",pièce,35
23032,"Brownie au chocolat, préemballé",pièce,35
23050,Biscuit de Savoie,part,50
23080,"Quatre-quarts (beurre, oeufs, sucre, farine), artisanal",tranche,40
23081,"Quatre-quarts (beurre, oeufs, sucre, farine), préemballé",tranche,40
23082,"Barre pâtissière, préemballée",pièce,30
23103,"Gâteau moelleux au citron, préemballé",tranche,40
23121,Far breton aux pruneaux,part,120
23122,"Kouign Amann, artisanal",part,100
23200,"Pain d'épices, préemballé",tranche,30
23220,"Pain d'épices fourré aux fruits ou nonnette, préemballé",pièce,30
23300,Baklava ou baklawa (pâtisserie orientale aux amandes et sirop),pièce,30
23301,Corne de gazelle (pâtisserie orientale aux amandes en forme de croissant recouverte de sucre glace),pièce,30
23455,"Chou à la crème, sans précision (chantilly ou pâtissière)",pièce,70
23456,"Chou à la crème chantilly, Saint-honoré",pièce,70
23457,Chou à la crème pâtissière,pièce,70
23477,Éclair,pièce,80
23479,Tarte aux fruits et crème pâtissière,part,120
23481,"Tarte normande aux pommes (garniture farine, oeufs, crème, sucre, calvados), artisanale",part,120
23485,Tarte au citron,part,120
23490,Tarte ou tartelette aux pommes,part,120
23491,"Tarte aux fraises, artisanale",part,120
23493,"Crumble aux pommes, préemballé",part,120
23494,Tarte aux abricots,part,120
23496,Tarte tatin aux pommes,part,120
23497,"Tarte au chocolat, fabrication artisanale",part,120
23498,Tarte ou tartelette aux fruits (aliment moyen),part,120
23525,Flan pâtissier aux oeufs ou à la parisienne,part,120
23531,Charlotte aux fruits,part,120
23540,Gâteau moka ou gâteau au café,part,80
23585,"Gâteau au chocolat, préemballé",part,60
23594,"Gâteau moelleux nature type génoise, préemballé",part,40
23684,"Galette des rois feuilletée, fourrée frangipane, et Pithiviers",part,100
23799,"Crêpe, nature, préemballée, rayon frais",pièce,50
23800,"Crêpe, nature, préemballée, rayon température ambiante",pièce,50
23801,"Galette de sarrasin, nature, souple (à garnir) préemballée",pièce,50
23802,Gâteau basque à la crème pâtissière,part,100
23815,"Crêpe fourrée au sucre, préemballée",pièce,45
23820,"Crêpe fourrée à la confiture, faite maison",pièce,70
23821,"Crêpe fourrée au chocolat ou à la pâte à tartiner chocolat et noisettes, faite maison",pièce,70
23827,"Pancake (petite crêpe épaisse), sucrée, préemballée",pièce,40
23829,"Crêpe fourrée au chocolat, préemballée",pièce,45
23849,"Gaufre fine fourrée au miel, au caramel ou à la vergeoise, préemballée",pièce,25
23850,"Gaufre bruxelloise ou liégeoise nature, artisanale",pièce,80
23851,"Gaufre moelleuse (type bruxelloise ou liégeoise), nature ou sucrée, préemballée",pièce,40
23880,"Beignet ou donut rond moelleux, sans fourrage, saupoudré de sucre",pièce,60
23881,"Beignet ou donut fourré aux fruits (fourrage type confiture), préemballé",pièce,60
23885,"Beignet ou donut fourré ou nappé goût chocolat ou chocolat noisette, préemballé",pièce,60
23900,Pâtisserie (aliment moyen),part,100
23909,"Cake aux fruits (confits et/ou raisins secs), préemballé",tranche,40
23925,"Gâteau marbré au chocolat, préemballé",tranche,30
23939,"Gâteau moelleux fourré au chocolat, type mini-cake, mini-roulé, ourson…, préemballé",pièce,30
23941,"Gâteau moelleux fourré aux fruits type mini-roulé ou mini-cake fourré, préemballé",pièce,30
23943,"Gâteau moelleux aux pépites de chocolat, type mini-cake, préemballé",pièce,30
23944,"Gâteau moelleux fourré au chocolat et enrobé ou nappé de chocolat, préemballé",pièce,30
23951,"Muffin, aux fruits (myrtilles et autres), préemballé",pièce,80
23952,"Muffin, au chocolat, préemballé",pièce,80
24630,"Madeleine, pur beurre, préemballée",pièce,25
24631,"Madeleine au chocolat (nappage, pépites ou fourrage…), préemballée",pièce,25
24632,"Madeleine ordinaire, préemballée",pièce,25
24663,Tarte aux poires amandine,part,120
24664,"Gâteau aux amandes type financier, préemballé",pièce,30
24666,Mille-feuille,pièce,120
24674,"Gâteau moelleux sans gluten (cake, madeleine…), préemballé",pièce,30
39500,"Glace à l'eau ou sorbet ou crème glacée, tout parfum (aliment moyen)",boule,50
31035,Barre glacée chocolatée,pièce,50
39503,"Glace ou crème glacée, bâtonnet enrobage chocolat",pièce,70
39509,"Glace ou crème glacée, cône (taille standard)",pièce,70
39515,"Glace ou crème glacée, en bac",boule,50
39520,"Glace ou crème glacée, gourmande, en bac",boule,50
39521,"Glace ou crème glacée, gourmande, en pot",boule,50
39527,"Glace ou crème glacée, bac ou pot (aliment moyen)",boule,50
39531,"Glace ou crème glacée, petit pot enfant",pot,50
31013,"Sorbet, bâtonnet",pièce,60
39524,"Sorbet, en bac",boule,50
39526,Glace à l'eau,pièce,50
23472,Profiterole avec glace vanille et sauce chocolat,portion,150
39401,Pêche melba,coupe,200
39502,Dessert glacé type mystère ou vacherin,part,100
39518,Omelette norvégienne,part,100
39519,Poire belle Hélène,coupe,200
39529,Nougat glacé,part,80
16400,"Beurre à 80% MG minimum, doux",portion,10
16401,Huile de beurre ou beurre concentré,cuillère à soupe,10
16402,"Beurre à 80% MG, demi-sel",portion,10
16403,"Beurre à 80% MG, salé",portion,10
16410,"Beurre à 60-62% MG, à teneur réduite en matière grasse, doux",portion,10
16411,"Beurre à 60-62% MG, à teneur réduite en matière grasse, demi-sel",portion,10
16412,"Beurre ou assimilé allégé (léger ou à teneur réduite en matière grasse), doux (aliment moyen)",portion,10
16413,"Beurre sans précision sur la teneur en matière grasse (allégé ou non), demi-sel (aliment moyen)",portion,10
16414,"Beurre ou assimilé sans précision sur la teneur en matière grasse, doux (aliment moyen)",portion,10
16415,"Beurre à 39-41% MG, léger, doux",portion,10
16416,"Beurre à 39-41% MG, léger, demi-sel",portion,10
16713,"Matière grasse laitière à 15-25% MG, légère, ""à tartiner"", doux, enrichie en vitamine(s)",portion,10
16030,Huile ou beurre de cacao,cuillère à soupe,10
16040,"Huile ou graisse de coco, sans précision",cuillère à soupe,10
16050,"Huile ou graisse de coco, vierge",cuillère à soupe,10
16060,"Huile ou graisse de coco (coprah), raffinée",cuillère à soupe,10
16080,Matière grasse ou graisse végétale solide (type margarine) pour friture ou graisse à frire,cuillère à soupe,10
16110,Huile ou beurre de karité,cuillère à soupe,10
16128,"Huile pour friture, sans précision",cuillère à soupe,10
16150,"Huile de palme, raffinée",cuillère à soupe,10
16200,"Huile ou graisse de palmiste, sans précision",cuillère à soupe,10
17001,Huile végétale (aliment moyen),cuillère à soupe,10
17020,Huile de noyaux d'abricot,cuillère à soupe,10
17030,Huile d'amande,cuillère à soupe,10
17040,Huile d'arachide,cuillère à soupe,10
17100,Huile d'avocat,cuillère à soupe,10
17110,Huile de germe de blé,cuillère à soupe,10
17130,Huile de colza,cuillère à soupe,10
17170,Huile de coton,cuillère à soupe,10
17180,Huile de lin,cuillère à soupe,10
17190,Huile de maïs,cuillère à soupe,10
17210,Huile de noisette,cuillère à soupe,10
17220,Huile de noix,cuillère à soupe,10
17270,Huile d'olive vierge extra,cuillère à soupe,10
17325,Huile de pavot,cuillère à soupe,10
17350,Huile de pépins de raisin,cuillère à soupe,10
17390,Huile de son de riz,cuillère à soupe,10
17400,Huile de sésame,cuillère à soupe,10
17420,Huile de soja,cuillère à soupe,10
17440,Huile de tournesol,cuillère à soupe,10
17700,Huile combinée (mélange d'huiles),cuillère à soupe,10
17701,"Huile combinée, mélange d'huile d'olive et de graines",cuillère à soupe,10
16590,"Matière grasse tartinable à teneur en MG > 62%, doux, standard",portion,10
16591,"Matière grasse tartinable à teneur en MG > 41% et <= 62%, doux, standard",portion,10
16592,"Matière grasse tartinable à teneur en MG <= 41%, doux, standard",portion,10
16593,"Matière grasse tartinable à teneur en MG > 62%, demi-sel, standard",portion,10
16594,"Matière grasse tartinable à teneur en MG > 41% et <= 62%, demi-sel, standard",portion,10
16595,"Matière grasse tartinable à teneur en MG > 41% et <= 62%, doux, aux stérols végétaux",portion,10
16596,"Matière grasse tartinable à teneur en MG > 41% et <= 62%, doux, riche en oméga 3",portion,10
16599,"Matière grasse tartinable à teneur en MG <= 41%, doux, riche en oméga 3",portion,10
16600,"Matière grasse tartinable à teneur en MG <= 41%, demi-sel, standard",portion,10
16601,"Matière grasse tartinable, sans précision sur la teneur en matière grasse, doux, standard (aliment moyen)",portion,10
16602,"Matière grasse tartinable, sans précision sur la teneur en matière grasse, demi-sel, standard (aliment moyen)",portion,10
16603,"Matière grasse tartinable, sans précision sur la teneur en matière grasse, doux, riche en oméga 3 (aliment moyen)",portion,10
17630,Huile de foie de morue,cuillère à café,5
17640,Huile de sardine,cuillère à café,5
17645,Huile de saumon,cuillère à café,5
17650,Huile de hareng,cuillère à café,5
16520,Saindoux,cuillère à soupe,10
16530,"Lard gras, cru",tranche,20
16540,Graisse de poulet,cuillère à soupe,10
16550,Graisse de canard,cuillère à soupe,10
16560,Graisse d'oie,cuillère à soupe,10
16570,Graisse de dinde,cuillère à soupe,10
11184,Sauce (aliment moyen),cuillère à soupe,15
11008,"Ketchup, préemballé",cuillère à soupe,15
11051,"Sauce tartare, préemballée",cuillère à soupe,15
11054,"Mayonnaise (70% MG min.), préemballée",cuillère à soupe,15
11073,"Ketchup allégé en sucres, préemballé",cuillère à soupe,15
11079,"Mayonnaise à teneur réduite en matière grasse ou mayonnaise allégée, préemballée",cuillère à soupe,15
11100,"Sauce barbecue, préemballée",cuillère à soupe,15
11104,"Sauce soja, préemballée",cuillère à soupe,16
11108,"Sauce vinaigrette à l'huile d'olive (50 à 75% d'huile), préemballée",cuillère à soupe,15
11109,"Sauce vinaigrette allégée en matière grasse (25 à 50% d'huile), préemballée",cuillère à soupe,15
11110,"Sauce vinaigrette (50 à 75% d'huile), préemballée",cuillère à soupe,15
11112,"Harissa (sauce au piment), préemballée",cuillère à café,5
11120,"Sauce bourguignonne, préemballée",cuillère à soupe,15
11157,"Sauce moutarde, préemballée",cuillère à soupe,15
11166,"Sauce au yaourt, faite maison",cuillère à soupe,20
11187,"Sauce crudités ou sauce salade, préemballée",cuillère à soupe,15
11196,"Sauce burger, préemballée",cuillère à soupe,15
11198,"Sauce crudités ou sauce salade, allégée en matière grasse, préemballée",cuillère à soupe,15
11213,Sauce froide (aliment moyen),cuillère à soupe,15
11216,"Sauce soja sucrée, préemballée",cuillère à soupe,16
11217,"Sauce pour nems à base de nuoc-mam dilué, préemballée",cuillère à soupe,15
11219,"Sauce végétale type bolognaise, aux protéines de soja, préemballée",portion,100
11223,"Sauce d'huître, préemballée",cuillère à soupe,15
11301,"Sauce teriyaki, préemballée",cuillère à soupe,15
11101,"Sauce béchamel, préemballée",cuillère à soupe,20
11102,"Sauce béarnaise, préemballée",cuillère à soupe,20
11105,"Sauce hollandaise, préemballée",cuillère à soupe,20
11107,"Sauce tomate aux oignons, préemballée",portion,100
11111,"Sauce armoricaine, préemballée",cuillère à soupe,20
11114,"Sauce tomate à la viande ou sauce bolognaise, préemballée",portion,100
11121,"Sauce madère, préemballée",cuillère à soupe,20
11129,"Sauce chasseur, préemballée",cuillère à soupe,20
11132,"Sauce au curry, chaude, préemballée",cuillère à soupe,20
11143,"Sauce béchamel au beurre, faite maison",cuillère à soupe,20
11158,"Sauce au beurre, préemballée",cuillère à soupe,20
11159,Sauce à la crème,cuillère à soupe,20
11160,"Sauce aux champignons, préemballée",cuillère à soupe,20
11161,Sauce à la crème aux épices,cuillère à soupe,20
11162,Sauce à la crème aux herbes,cuillère à soupe,20
11163,"Sauce aigre douce, préemballée",cuillère à soupe,20
11164,"Sauce au vin rouge, faite maison",cuillère à soupe,20
11177,"Sauce tomate aux champignons, préemballée",portion,100
11178,"Sauce tomate aux olives, préemballée",portion,100
11179,"Sauce pesto, préemballée",cuillère à soupe,15
11182,"Sauce au poivre, chaude, préemballée",cuillère à soupe,20
51502,"Meloukhia, sauce, artisanale",portion,150
11300,"Sauce au chocolat, préemballée",cuillère à soupe,20
13998,"Coulis de fruits rouges (framboises, fraises, groseilles, cassis)",cuillère à soupe,20
39700,"Crème anglaise, préemballée",cuillère à soupe,20
11004,"Cornichon, au vinaigre",pièce,8
11013,Moutarde,cuillère à café,5
11018,Vinaigre,cuillère à soupe,15
11021,Moutarde à l'ancienne,cuillère à café,5
11040,"Câpres, au vinaigre",cuillère à soupe,10
11055,Oignon au vinaigre,pièce,5
11090,Vinaigre de cidre,cuillère à soupe,15
11091,Vinaigre balsamique,cuillère à soupe,15
11220,Vinaigre de vin rouge,cuillère à soupe,15
13032,"Olive noire, en saumure, égouttée",pièce,4
13033,"Olive verte, en saumure, égouttée",pièce,4
13131,"Olive noire, à l'huile (à la grecque)",pièce,4
13147,"Olives vertes, fourrées ou farcies (anchois, poivrons, etc.)",pièce,5
13184,Olive (aliment moyen),pièce,4
13186,Olive noire (aliment moyen),pièce,4
20916,Miso,cuillère à soupe,18
5217,Vin cuisiné (alcool évaporé),verre,100
5219,"Alcool fort (type rhum), cuisiné (alcool évaporé)",cuillère à soupe,15
9621,Son de blé,cuillère à soupe,8
9640,Son d'avoine,cuillère à soupe,10
9641,Son de maïs,cuillère à soupe,8
9643,Son de riz,cuillère à soupe,8
9660,Germe de blé,cuillère à soupe,7
11001,"Bouillon de boeuf, déshydraté",cube,10
11007,"Gélatine, sèche",feuille,2
11009,Levure de bière en paillettes,cuillère à soupe,5
11010,Levure de boulanger fraîche,cube,42
11041,"Bouillon de légumes, déshydraté",cube,10
11043,"Tapenade, préemballée",cuillère à soupe,15
11045,Levure de boulanger déshydratée,sachet,5.5
11046,Levure chimique ou poudre à lever,sachet,11
11065,"Vanille, extrait alcoolique",cuillère à café,4
11098,"Vanille, extrait aqueux",cuillère à café,4
11169,"Fond de veau pour sauces et cuisson, déshydraté",cuillère à soupe,10
11175,"Gelée au madère, déshydratée",cuillère à soupe,10
11221,"Extrait de levure, à tartiner",cuillère à café,5
11507,Bicarbonate de soude,cuillère à café,5
18041,Lait de coco,cuillère à soupe,15
20918,Sirop pour fruits appertisés au sirop,cuillère à soupe,15
20919,Sirop léger pour fruits appertisés au sirop,cuillère à soupe,15
20924,Sirop léger pour poire appertisée,cuillère à soupe,15
25525,Sauce tomate cuisinée pour pizza,cuillère à soupe,15
25970,"Bouillon de viande et légumes type pot-au-feu, non dégraissé, déshydraté",cube,10
25971,"Bouillon de viande et légumes type pot-au-feu, dégraissé, déshydraté",cube,10
31108,Gelée royale,cuillère à café,5
31109,"Pollen, partiellement séché",cuillère à soupe,10
31111,"Pollen, frais",cuillère à soupe,10
37000,"Base de pizza (pâte et sauce à la crème), crue",part,100
37002,"Base de pizza (pâte et sauce à la tomate), crue",part,100
42200,Lécithine de soja,cuillère à soupe,8
11017,"Sel blanc alimentaire, non iodé, non fluoré (marin, ignigène ou gemme)",pincée,0.5
11058,"Sel blanc alimentaire, iodé, non fluoré (marin, ignigène ou gemme)",pincée,0.5
11082,"Fleur de sel, non iodée, non fluorée",pincée,0.5
11083,"Sel marin gris, non iodé, non fluoré",pincée,0.5
11096,"Sel blanc alimentaire, iodé, fluoré à 25 mg /100 g (marin, ignigène ou gemme)",pincée,0.5
11005,"Curry, poudre",cuillère à café,2
11006,"Gingembre, poudre",cuillère à café,2
11015,"Poivre noir, poudre",pincée,0.3
11019,"Poivre blanc, poudre",pincée,0.3
11025,"Cannelle, poudre",cuillère à café,3
11026,"Coriandre, graine",cuillère à café,2
11039,Safran,dose,0.1
11042,"Cumin, graine",cuillère à café,2
11048,Noix de muscade,pincée,0.3
11049,"Paprika, poudre",cuillère à café,2
11052,Clou de girofle,pièce,0.1
11053,"Laurier, feuille",feuille,0.2
11056,"Quatre épices, poudre",cuillère à café,2
11057,"Vanille, gousse",gousse,3
11061,"Pavot, graine",cuillère à café,2
11064,"Carvi, graine",cuillère à café,2
11066,"Fenouil, graine",cuillère à café,2
11074,"Gingembre, racine fraîche",cuillère à café,3
11075,"Cardamome, poudre",cuillère à café,2
11077,"Fenugrec, graine",cuillère à café,2
11081,Epice (aliment moyen),cuillère à café,2
11088,"Poivre de Cayenne ou piment de Cayenne, poudre",pincée,0.3
11089,"Curcuma, poudre",cuillère à café,3
11000,"Ail, cru",gousse,5
11002,"Cerfeuil, frais",cuillère à soupe,3
11003,"Ciboule ou ciboulette, fraîche",cuillère à soupe,3
11014,"Persil, frais",cuillère à soupe,3
11016,"Raifort, frais",cuillère à café,5
11027,"Menthe, fraîche",cuillère à soupe,3
11033,"Basilic, frais",cuillère à soupe,3
11068,"Romarin, frais",cuillère à soupe,3
11069,"Sauge, fraîche",cuillère à soupe,3
11070,"Thym, frais",cuillère à soupe,3
11080,Herbes aromatiques fraîches (aliment moyen),cuillère à soupe,3
11093,"Aneth, frais",cuillère à soupe,3
11094,"Coriandre, fraiche",cuillère à soupe,3
11306,"Ail, rôti/cuit au four",gousse,5
11307,"Ail, grillé/poêlé, sans matière grasse",gousse,5
10999,"Cerfeuil, séché",cuillère à café,1
11023,"Ail séché, poudre",cuillère à café,3
11024,"Persil, séché",cuillère à café,1
11029,"Menthe, séchée",cuillère à café,1
11032,"Basilic, séché",cuillère à café,1
11034,"Marjolaine, séchée",cuillère à café,1
11035,"Origan, séché",cuillère à café,1
11036,"Romarin, séché",cuillère à café,1
11037,"Sauge, séchée",cuillère à café,1
11038,"Thym, séché",cuillère à café,1
11050,"Estragon, séché",cuillère à café,1
11060,"Herbes de Provence, séchées",cuillère à café,1
11062,"Sarriette, séchée",cuillère à café,1
11063,"Aneth, séché",cuillère à café,1
11095,"Ciboulette, séchée",cuillère à café,1
51500,"Meloukhia, feuilles de corète séchées, en poudre",cuillère à soupe,5
11084,"Agar (algue), frais, cru",portion,50
11085,"Agar (algue), séché",cuillère à café,2
11086,"Spiruline (Spirulina sp.), séchée ou déshydratée",cuillère à café,3
20982,"Spiruline (algue), fraîche, crue",cuillère à café,5
20983,"Criste marine, fraîche, crue",portion,50
20985,"Laitue de mer (Ulva sp.), séchée ou déshydratée",cuillère à soupe,4
20986,"Kombu royal (Saccharina latissima), séché ou déshydraté",cuillère à soupe,4
20987,"Nori (Porphyra sp., Pyropia), séchée ou déshydratée",feuille,3
20988,"Dulse (Palmaria palmata), séchée ou déshydratée",cuillère à soupe,4
20989,"Maërl ou lithothamne (Lithothamnion), séché ou déshydraté",cuillère à café,3
20990,"Kombu ou kombu japonais (Saccharina japonica), séché ou déshydraté",cuillère à soupe,4
20991,"Kombu breton (Laminaria digitata), séché ou déshydraté",cuillère à soupe,4
20992,"Haricot de mer (Himanthalia elongata), séchée ou déshydratée",cuillère à soupe,4
20993,"Gracilaire ou ogonori (Gracilaria verrucosa), séchée ou déshydratée",cuillère à soupe,4
20994,"Fucus vésiculeux (Fucus serratus ou Fucus vesiculosus), séché ou déshydraté",cuillère à soupe,4
20995,"Ao-nori (Ulva sp., ex Enteromorpha sp.), séchée ou déshydratée",cuillère à soupe,4
20996,"Lichen de mer ou pioca ou goémon rouge (Chondrus crispus), séché ou déshydraté",cuillère à soupe,4
20997,"Chlorelle (chlorella), séchée ou déshydratée",cuillère à café,3
20998,"Ascophylle noueux ou goémon noir (Ascophyllum nodosum), séché ou déshydraté",cuillère à soupe,4
20999,"Wakamé atlantique (Alaria esculenta), séché ou déshydraté",cuillère à soupe,4
42000,"Substitut de repas hypocalorique, crème dessert",pot,200
42003,"Substitut de repas hypocalorique, prêt à boire",verre,250
42004,"Substitut de repas hypocalorique, poudre reconstituée avec lait écrémé",verre,250
42005,"Substitut de repas hypocalorique, poudre reconstituée avec lait écrémé, type milkshake",verre,250
11214,"Préparation culinaire à base de soja, type ""crème de soja""",cuillère à soupe,15
20591,"Protéine de soja texturée, réhydratée",portion,100
20903,Isolat de soja,cuillère à soupe,10
20904,"Tofu nature, préemballé",portion,100
20906,"Tofu soyeux, préemballé",portion,100
20912,"Tofu fumé, préemballé",portion,100
20917,Tempeh,portion,100
25598,"Seitan, préemballé",portion,100
11215,Caviar de tomates,cuillère à soupe,20
19863,"Tzatziki à base de yaourt, préemballé",cuillère à soupe,20
25620,"Guacamole, préemballé",cuillère à soupe,20
3000,"Lait 1er âge, poudre soluble (préparation pour nourrissons)",mesurette,4.5
3002,"Lait 2e âge, poudre soluble (préparation de suite)",mesurette,4.5
13159,Boisson aux fruits pour bébé dès 4/6mois,biberon,120
13160,Boisson à base de plantes pour bébé,biberon,120
13161,Boisson infantile céréales lactées aux légumes pour dîner dès 4/6 mois,biberon,210
13162,Boisson infantile céréales lactées aux fruits pour le goûter dès 4/6 mois,biberon,210
13163,Boisson infantile céréales lactées pour le petit déjeuner dès 4/6 mois,biberon,210
13169,Boisson infantile céréales lactées pour le petit déjeuner dès 8/9 mois,biberon,210
13170,Boisson infantile céréales lactées pour le petit déjeuner dès 12 mois,biberon,250
13171,Boisson infantile lactées aux fruits pour le goûter dès 4/6 mois (sans céréales),biberon,210
13172,Boisson infantile céréales lactées aux légumes pour diner dès 12 mois,biberon,250
13173,Boisson infantile céréales lactées pour le petit déjeuner,biberon,210
13182,Boisson infantile céréales lactées (aliment moyen),biberon,210
19012,"Lait de croissance infantile, liquide (aliment lacté destiné aux enfants en bas âge)",biberon,250
19013,"Lait 1er âge, prêt à consommer (préparation pour nourrissons)",biberon,210
19014,"Lait 2e âge, prêt à consommer (préparation de suite)",biberon,210
19015,"Lait infantile pour prématurés, prêt à consommer",biberon,60
20246,"Petit pot légumes, dès 4-6 mois",pot,130
20247,"Petit pot légumes, avec féculent, dès 4/6 mois",pot,130
20248,"Plat légumes, avec féculent, dès 6-8 mois",pot,200
20249,"Plat légumes, avec féculent et lait/crème, dès 6/8 mois",pot,200
20250,"Plat légumes, avec féculent et lait/crème, dès 8/12 mois",pot,250
20251,"Plat légumes, avec féculent et lait/crème, dès 12 mois",pot,250
20252,Soupe pour bébé légumes et pomme de terre,bol,200
20253,"Soupe pour bébé légumes, céréales et lait",bol,200
20254,"Plat légumes, avec féculent et lait/crème, dès 18 mois",pot,250
42603,"Plat légumes, avec féculent et viande/poisson, dès 6/8 mois",pot,200
42604,"Plat légumes, avec féculent et viande/poisson, dès 8/12 mois",pot,250
42605,"Plat légumes, avec féculent et viande/poisson, dès 12 mois",pot,250
42606,"Plat légumes, avec féculent et viande/poisson, dès 18 mois",pot,250
13157,Petit pot fruit avec banane pour bébé,pot,130
13158,Petit pot fruit sans banane pour bébé,pot,130
13164,Dessert infantile lacté type crème dessert,pot,100
13165,Dessert infantile lacté au riz ou à la semoule,pot,100
13166,"Dessert infantile lacté, sucré, nature ou aux fruits",pot,100
13167,"Céréales instantanées, poudre à reconstituer, dès 4/6 mois",cuillère à soupe,4
13168,"Céréales instantanées, poudre à reconstituer, dès 6 mois",cuillère à soupe,4
24689,Biscuit pour bébé,biscuit,6
42501,Poudre cacaotée pour bébé,cuillère à soupe,5
